NOC,Year,Bronze,Gold,No medal,Silver,Participants,Events,is_host
AFG,1936,0,0,16,0,16,2,0
AFG,1948,0,0,25,0,25,2,0
AFG,1956,0,0,12,0,12,1,0
AFG,1960,0,0,16,0,16,2,0
AFG,1964,0,0,8,0,8,1,0
AFG,1968,0,0,5,0,5,1,0
AFG,1972,0,0,8,0,8,1,0
AFG,1980,0,0,11,0,11,2,0
AFG,1988,0,0,5,0,5,1,0
AFG,1996,0,0,2,0,2,1,0
AFG,2004,0,0,5,0,5,4,0
AFG,2008,1,0,3,0,4,2,0
AFG,2012,1,0,5,0,6,4,0
AFG,2016,0,0,3,0,3,2,0
AFG,2020,0,0,5,0,5,4,0
AFG,2024,0,0,7,0,7,4,0
AHO,1952,0,0,11,0,11,1,0
AHO,1960,0,0,5,0,5,1,0
AHO,1964,0,0,4,0,4,2,0
AHO,1968,0,0,5,0,5,2,0
AHO,1972,0,0,2,0,2,2,0
AHO,1976,0,0,4,0,4,2,0
AHO,1984,0,0,13,0,13,3,0
AHO,1988,0,0,3,1,4,3,0
AHO,1992,0,0,4,0,4,3,0
AHO,1996,0,0,7,0,7,5,0
AHO,2000,0,0,8,0,8,6,0
AHO,2004,0,0,3,0,3,2,0
AHO,2008,0,0,4,0,4,3,0
AIN,2024,1,1,40,4,46,10,0
ALB,1972,0,0,5,0,5,2,0
ALB,1992,0,0,9,0,9,4,0
ALB,1996,0,0,9,0,9,5,0
ALB,2000,0,0,5,0,5,3,0
ALB,2004,0,0,7,0,7,4,0
ALB,2008,0,0,12,0,12,6,0
ALB,2012,0,0,10,0,10,5,0
ALB,2016,0,0,6,0,6,3,0
ALB,2020,0,0,10,0,10,6,0
ALB,2024,2,0,7,0,9,4,0
ALG,1964,0,0,7,0,7,1,0
ALG,1968,0,0,9,0,9,2,0
ALG,1972,0,0,7,0,7,2,0
ALG,1980,0,0,63,0,63,9,0
ALG,1984,2,0,31,0,33,4,0
ALG,1988,0,0,45,0,45,7,0
ALG,1992,1,1,34,0,36,7,0
ALG,1996,1,2,44,0,47,9,0
ALG,2000,3,1,46,1,51,10,0
ALG,2004,0,0,71,0,71,10,0
ALG,2008,1,0,55,1,57,12,0
ALG,2012,0,1,38,0,39,12,0
ALG,2016,0,0,72,2,74,13,0
ALG,2020,0,0,45,0,45,15,0
ALG,2024,1,2,52,0,55,15,0
AND,1976,0,0,3,0,3,2,0
AND,1980,0,0,2,0,2,1,0
AND,1984,0,0,2,0,2,1,0
AND,1988,0,0,4,0,4,2,0
AND,1992,0,0,8,0,8,5,0
AND,1996,0,0,8,0,8,5,0
AND,2000,0,0,5,0,5,3,0
AND,2004,0,0,6,0,6,4,0
AND,2008,0,0,5,0,5,4,0
AND,2012,0,0,6,0,6,4,0
AND,2016,0,0,4,0,4,4,0
AND,2020,0,0,3,0,3,2,0
AND,2024,0,0,4,0,4,2,0
ANG,1980,0,0,17,0,17,3,0
ANG,1988,0,0,33,0,33,4,0
ANG,1992,0,0,33,0,33,6,0
ANG,1996,0,0,30,0,30,5,0
ANG,2000,0,0,30,0,30,5,0
ANG,2004,0,0,30,0,30,5,0
ANG,2008,0,0,33,0,33,6,0
ANG,2012,0,0,35,0,35,6,0
ANG,2016,0,0,26,0,26,7,0
ANG,2020,0,0,20,0,20,5,0
ANG,2024,0,0,26,0,26,7,0
ANT,1976,0,0,17,0,17,2,0
ANT,1984,0,0,27,0,27,3,0
ANT,1988,0,0,25,0,25,4,0
ANT,1992,0,0,18,0,18,3,0
ANT,1996,0,0,19,0,19,4,0
ANT,2000,0,0,4,0,4,2,0
ANT,2004,0,0,5,0,5,2,0
ANT,2008,0,0,5,0,5,2,0
ANT,2012,0,0,4,0,4,2,0
ANT,2016,0,0,9,0,9,2,0
ANT,2020,0,0,6,0,6,4,0
ANT,2024,0,0,5,0,5,3,0
ANZ,1908,2,15,29,2,48,6,0
ANZ,1912,3,5,28,2,38,4,0
ARG,1900,0,0,1,0,1,1,0
ARG,1908,0,0,1,0,1,1,0
ARG,1920,0,0,1,0,1,1,0
ARG,1924,2,5,99,3,109,11,0
ARG,1928,5,3,72,18,98,12,0
ARG,1932,0,3,43,1,47,7,0
ARG,1936,4,5,57,2,68,8,0
ARG,1948,1,3,284,7,295,16,0
ARG,1952,2,2,168,2,174,15,0
ARG,1956,1,0,42,1,44,9,0
ARG,1960,1,0,112,3,116,15,0
ARG,1964,0,0,147,1,148,14,0
ARG,1968,2,0,130,0,132,12,0
ARG,1972,0,0,122,1,123,12,0
ARG,1976,0,0,106,0,106,12,0
ARG,1984,0,0,115,0,115,14,0
ARG,1988,12,0,121,1,134,18,0
ARG,1992,2,0,109,0,111,17,0
ARG,1996,1,0,201,19,221,20,0
ARG,2000,3,0,145,17,165,21,0
ARG,2004,21,28,130,0,179,22,0
ARG,2008,31,20,94,0,145,19,0
ARG,2012,3,1,129,15,148,23,0
ARG,2016,0,21,210,1,232,26,0
ARG,2020,25,0,165,18,208,31,0
ARG,2024,16,1,135,2,154,25,0
ARM,1996,0,1,36,1,38,11,0
ARM,2000,1,0,25,0,26,10,0
ARM,2004,0,0,19,0,19,8,0
ARM,2008,6,0,20,0,26,7,0
ARM,2012,2,0,28,1,31,9,0
ARM,2016,0,1,30,3,34,8,0
ARM,2020,2,0,15,2,19,8,0
ARM,2024,1,0,13,3,17,7,0
ARU,1988,0,0,12,0,12,5,0
ARU,1992,0,0,5,0,5,3,0
ARU,1996,0,0,3,0,3,3,0
ARU,2000,0,0,5,0,5,3,0
ARU,2004,0,0,4,0,4,3,0
ARU,2008,0,0,2,0,2,2,0
ARU,2012,0,0,4,0,4,3,0
ARU,2016,0,0,7,0,7,4,0
ARU,2020,0,0,4,0,4,2,0
ARU,2024,0,0,7,0,7,4,0
ASA,1988,0,0,6,0,6,4,0
ASA,1992,0,0,3,0,3,2,0
ASA,1996,0,0,7,0,7,5,0
ASA,2000,0,0,4,0,4,3,0
ASA,2004,0,0,3,0,3,2,0
ASA,2008,0,0,4,0,4,3,0
ASA,2012,0,0,4,0,4,3,0
ASA,2016,0,0,4,0,4,3,0
ASA,2020,0,0,6,0,6,4,0
ASA,2024,0,0,2,0,2,2,0
AUS,1896,1,2,2,0,5,2,0
AUS,1900,3,3,0,0,6,2,0
AUS,1904,1,0,2,3,6,2,0
AUS,1906,3,0,7,0,10,2,0
AUS,1920,1,0,22,6,29,5,0
AUS,1924,2,3,50,5,60,9,0
AUS,1928,1,1,25,2,29,6,0
AUS,1932,1,3,15,1,20,6,0
AUS,1936,1,0,38,0,39,7,0
AUS,1948,5,2,87,9,103,11,0
AUS,1952,11,7,120,2,140,12,0
AUS,1956,26,28,345,13,412,19,1
AUS,1960,11,11,234,24,280,17,0
AUS,1964,30,8,348,6,392,19,0
AUS,1968,11,5,173,35,224,16,0
AUS,1972,2,11,246,7,266,20,0
AUS,1976,8,0,251,15,274,20,0
AUS,1980,5,6,177,2,190,17,0
AUS,1984,31,7,285,14,337,22,0
AUS,1988,11,18,304,6,339,24,0
AUS,1992,16,14,333,27,390,25,0
AUS,1996,84,32,418,16,550,26,0
AUS,2000,54,60,605,69,788,34,1
AUS,2004,31,49,444,77,601,33,0
AUS,2008,76,31,421,42,570,31,0
AUS,2012,59,18,400,37,514,29,0
AUS,2016,25,23,436,34,518,31,0
AUS,2020,67,36,507,28,638,41,0
AUS,2024,44,33,528,44,649,44,0
AUT,1896,2,2,3,1,8,3,0
AUT,1900,3,0,20,3,26,4,0
AUT,1904,1,2,3,1,7,2,0
AUT,1906,3,3,91,3,100,9,0
AUT,1908,1,0,12,0,13,4,0
AUT,1912,5,0,118,9,132,12,0
AUT,1924,1,0,52,3,56,8,0
AUT,1928,2,3,108,0,113,13,0
AUT,1932,3,1,28,1,33,7,0
AUT,1936,7,6,308,42,363,19,0
AUT,1948,4,2,231,2,239,17,0
AUT,1952,2,0,235,1,238,16,0
AUT,1956,4,0,53,0,57,12,0
AUT,1960,0,1,195,2,198,15,0
AUT,1964,0,0,82,0,82,14,0
AUT,1968,3,0,54,2,59,12,0
AUT,1972,2,0,140,1,143,15,0
AUT,1976,1,0,72,0,73,15,0
AUT,1980,1,1,87,3,92,16,0
AUT,1984,1,1,127,1,130,18,0
AUT,1988,0,1,95,0,96,17,0
AUT,1992,0,0,121,6,127,17,0
AUT,1996,2,0,89,1,92,15,0
AUT,2000,0,3,110,1,114,17,0
AUT,2004,1,3,84,4,92,18,0
AUT,2008,2,0,90,1,93,16,0
AUT,2012,0,0,90,0,90,19,0
AUT,2016,2,0,83,0,85,23,0
AUT,2020,5,1,96,1,103,24,0
AUT,2024,3,3,115,0,121,26,0
AZE,1996,0,0,23,1,24,9,0
AZE,2000,1,2,29,0,32,8,0
AZE,2004,4,1,32,0,37,10,0
AZE,2008,4,1,37,2,44,10,0
AZE,2012,6,2,49,2,59,15,0
AZE,2016,10,1,51,7,69,15,0
AZE,2020,4,0,48,3,55,14,0
AZE,2024,3,2,42,2,49,15,0
BAH,1952,0,0,7,0,7,1,0
BAH,1956,2,0,3,0,5,2,0
BAH,1960,0,0,14,0,14,2,0
BAH,1964,0,2,10,0,12,2,0
BAH,1968,0,0,22,0,22,3,0
BAH,1972,0,0,25,0,25,4,0
BAH,1976,0,0,19,0,19,3,0
BAH,1984,0,0,31,0,31,4,0
BAH,1988,0,0,18,0,18,5,0
BAH,1992,1,0,17,0,18,4,0
BAH,1996,0,0,31,5,36,4,0
BAH,2000,5,6,28,0,39,3,0
BAH,2004,1,1,26,0,28,3,0
BAH,2008,1,0,26,6,33,4,0
BAH,2012,0,4,25,0,29,2,0
BAH,2016,5,1,32,0,38,3,0
BAH,2020,0,2,20,0,22,2,0
BAH,2024,0,0,21,0,21,2,0
BAN,1984,0,0,2,0,2,1,0
BAN,1988,0,0,11,0,11,2,0
BAN,1992,0,0,9,0,9,3,0
BAN,1996,0,0,4,0,4,3,0
BAN,2000,0,0,6,0,6,3,0
BAN,2004,0,0,4,0,4,3,0
BAN,2008,0,0,5,0,5,3,0
BAN,2012,0,0,7,0,7,5,0
BAN,2016,0,0,7,0,7,5,0
BAN,2020,0,0,8,0,8,4,0
BAN,2024,0,0,5,0,5,4,0
BAR,1968,0,0,13,0,13,5,0
BAR,1972,0,0,20,0,20,4,0
BAR,1976,0,0,17,0,17,2,0
BAR,1984,0,0,25,0,25,6,0
BAR,1988,0,0,26,0,26,7,0
BAR,1992,0,0,22,0,22,5,0
BAR,1996,0,0,22,0,22,7,0
BAR,2000,1,0,27,0,28,6,0
BAR,2004,0,0,15,0,15,5,0
BAR,2008,0,0,10,0,10,3,0
BAR,2012,0,0,8,0,8,3,0
BAR,2016,0,0,13,0,13,5,0
BAR,2020,0,0,9,0,9,2,0
BAR,2024,0,0,4,0,4,3,0
BDI,1996,0,1,6,0,7,1,0
BDI,2000,0,0,6,0,6,1,0
BDI,2004,0,0,7,0,7,2,0
BDI,2008,0,0,3,0,3,2,0
BDI,2012,0,0,6,0,6,3,0
BDI,2016,0,0,9,1,10,3,0
BDI,2020,0,0,7,0,7,3,0
BDI,2024,0,0,8,0,8,3,0
BEL,1900,13,6,57,24,100,10,0
BEL,1906,6,2,20,3,31,7,0
BEL,1908,8,1,66,24,99,11,0
BEL,1912,11,7,53,1,72,9,0
BEL,1920,66,57,330,65,518,23,1
BEL,1924,6,3,195,30,234,17,0
BEL,1928,4,0,255,1,260,15,0
BEL,1932,1,0,68,0,69,2,0
BEL,1936,14,0,191,0,205,15,0
BEL,1948,8,5,167,2,182,17,0
BEL,1952,0,5,176,3,184,16,0
BEL,1956,0,0,80,2,82,13,0
BEL,1960,2,0,146,2,150,16,0
BEL,1964,1,2,71,0,74,13,0
BEL,1968,2,0,103,1,106,13,0
BEL,1972,0,0,104,2,106,14,0
BEL,1976,6,0,140,3,149,16,0
BEL,1980,0,1,83,0,84,10,0
BEL,1984,2,1,81,2,86,14,0
BEL,1988,2,0,83,0,85,16,0
BEL,1992,2,0,100,1,103,18,0
BEL,1996,2,2,75,2,81,14,0
BEL,2000,4,0,87,3,94,16,0
BEL,2004,2,1,67,0,70,14,0
BEL,2008,0,1,107,4,112,16,0
BEL,2012,2,0,139,1,142,16,0
BEL,2016,2,2,117,17,138,19,0
BEL,2020,6,20,158,1,185,25,0
BEL,2024,5,3,231,1,240,25,0
BEN,1972,0,0,3,0,3,2,0
BEN,1980,0,0,17,0,17,2,0
BEN,1984,0,0,3,0,3,1,0
BEN,1988,0,0,10,0,10,2,0
BEN,1992,0,0,7,0,7,2,0
BEN,1996,0,0,7,0,7,1,0
BEN,2000,0,0,4,0,4,3,0
BEN,2004,0,0,4,0,4,2,0
BEN,2008,0,0,5,0,5,3,0
BEN,2012,0,0,5,0,5,4,0
BEN,2016,0,0,6,0,6,4,0
BEN,2020,0,0,7,0,7,4,0
BEN,2024,0,0,5,0,5,3,0
BER,1936,0,0,9,0,9,1,0
BER,1948,0,0,28,0,28,3,0
BER,1952,0,0,12,0,12,3,0
BER,1956,0,0,3,0,3,1,0
BER,1960,0,0,9,0,9,1,0
BER,1964,0,0,4,0,4,1,0
BER,1968,0,0,6,0,6,2,0
BER,1972,0,0,9,0,9,3,0
BER,1976,1,0,19,0,20,3,0
BER,1984,0,0,13,0,13,5,0
BER,1988,0,0,14,0,14,6,0
BER,1992,0,0,29,0,29,4,0
BER,1996,0,0,10,0,10,4,0
BER,2000,0,0,7,0,7,4,0
BER,2004,0,0,10,0,10,6,0
BER,2008,0,0,6,0,6,4,0
BER,2012,0,0,8,0,8,5,0
BER,2016,0,0,8,0,8,5,0
BER,2020,0,1,1,0,2,2,0
BER,2024,0,0,8,0,8,5,0
BHU,1984,0,0,6,0,6,1,0
BHU,1988,0,0,6,0,6,1,0
BHU,1992,0,0,12,0,12,1,0
BHU,1996,0,0,2,0,2,1,0
BHU,2000,0,0,2,0,2,1,0
BHU,2004,0,0,2,0,2,1,0
BHU,2008,0,0,2,0,2,1,0
BHU,2012,0,0,2,0,2,2,0
BHU,2016,0,0,2,0,2,2,0
BHU,2020,0,0,4,0,4,4,0
BHU,2024,0,0,3,0,3,3,0
BIH,1992,0,0,13,0,13,6,0
BIH,1996,0,0,12,0,12,7,0
BIH,2000,0,0,11,0,11,4,0
BIH,2004,0,0,11,0,11,8,0
BIH,2008,0,0,7,0,7,4,0
BIH,2012,0,0,8,0,8,4,0
BIH,2016,0,0,11,0,11,5,0
BIH,2020,0,0,8,0,8,5,0
BIH,2024,0,0,6,0,6,3,0
BIZ,1968,0,0,7,0,7,4,0
BIZ,1972,0,0,2,0,2,1,0
BIZ,1976,0,0,4,0,4,2,0
BIZ,1984,0,0,13,0,13,3,0
BIZ,1988,0,0,13,0,13,2,0
BIZ,1992,0,0,18,0,18,2,0
BIZ,1996,0,0,5,0,5,2,0
BIZ,2000,0,0,2,0,2,1,0
BIZ,2004,0,0,2,0,2,1,0
BIZ,2008,0,0,4,0,4,2,0
BIZ,2012,0,0,3,0,3,2,0
BIZ,2016,0,0,3,0,3,2,0
BIZ,2020,0,0,4,0,4,2,0
BIZ,2024,0,0,1,0,1,1,0
BLR,1996,16,1,236,6,259,19,0
BLR,2000,11,3,209,8,231,20,0
BLR,2004,8,2,177,5,192,22,0
BLR,2008,16,8,208,5,237,24,0
BLR,2012,8,3,162,12,185,23,0
BLR,2016,7,1,130,4,142,22,0
BLR,2020,3,1,127,6,137,20,0
BOH,1900,2,0,6,1,9,4,0
BOH,1906,3,0,26,0,29,6,0
BOH,1908,6,0,35,0,41,5,0
BOH,1912,0,0,74,0,74,8,0
BOL,1936,0,0,2,0,2,2,0
BOL,1964,0,0,1,0,1,1,0
BOL,1968,0,0,4,0,4,3,0
BOL,1972,0,0,14,0,14,3,0
BOL,1976,0,0,5,0,5,4,0
BOL,1984,0,0,13,0,13,6,0
BOL,1988,0,0,12,0,12,6,0
BOL,1992,0,0,21,0,21,6,0
BOL,1996,0,0,9,0,9,5,0
BOL,2000,0,0,5,0,5,3,0
BOL,2004,0,0,11,0,11,5,0
BOL,2008,0,0,7,0,7,5,0
BOL,2012,0,0,5,0,5,3,0
BOL,2016,0,0,12,0,12,5,0
BOL,2020,0,0,5,0,5,3,0
BOL,2024,0,0,4,0,4,2,0
BOT,1980,0,0,8,0,8,1,0
BOT,1984,0,0,8,0,8,2,0
BOT,1988,0,0,11,0,11,2,0
BOT,1992,0,0,6,0,6,2,0
BOT,1996,0,0,7,0,7,2,0
BOT,2000,0,0,9,0,9,2,0
BOT,2004,0,0,12,0,12,2,0
BOT,2008,0,0,11,0,11,3,0
BOT,2012,0,0,3,1,4,2,0
BOT,2016,0,0,14,0,14,3,0
BOT,2020,6,0,10,0,16,4,0
BOT,2024,0,1,12,6,19,2,0
BRA,1900,0,0,3,0,3,1,0
BRA,1920,5,1,31,1,38,5,0
BRA,1924,0,0,18,0,18,4,0
BRA,1932,0,0,67,0,67,5,0
BRA,1936,0,0,94,0,94,9,0
BRA,1948,10,0,95,0,105,11,0
BRA,1952,2,1,116,0,119,14,0
BRA,1956,0,1,62,0,63,12,0
BRA,1960,13,0,73,0,86,14,0
BRA,1964,12,0,53,0,65,11,0
BRA,1968,3,0,85,1,89,13,0
BRA,1972,2,0,102,0,104,13,0
BRA,1976,3,0,86,0,89,12,0
BRA,1980,5,4,140,0,149,14,0
BRA,1984,2,1,161,33,197,17,0
BRA,1988,5,1,210,17,233,21,0
BRA,1992,0,13,219,1,233,23,0
BRA,1996,43,5,188,15,251,18,0
BRA,2000,36,0,188,12,236,24,0
BRA,2004,3,18,278,19,318,26,0
BRA,2008,30,14,260,34,338,28,0
BRA,2012,11,14,247,34,306,27,0
BRA,2016,6,36,533,8,583,34,1
BRA,2020,9,29,361,17,416,33,0
BRA,2024,35,4,334,28,401,38,0
BRN,1984,0,0,14,0,14,4,0
BRN,1988,0,0,16,0,16,3,0
BRN,1992,0,0,15,0,15,2,0
BRN,1996,0,0,5,0,5,2,0
BRN,2000,0,0,4,0,4,2,0
BRN,2004,0,0,10,0,10,4,0
BRN,2008,0,0,15,0,15,3,0
BRN,2012,1,0,13,0,14,3,0
BRN,2016,0,1,31,1,33,4,0
BRN,2020,0,0,32,1,33,5,0
BRN,2024,1,2,11,1,15,5,0
BRU,1996,0,0,1,0,1,1,0
BRU,2000,0,0,2,0,2,2,0
BRU,2004,0,0,1,0,1,1,0
BRU,2012,0,0,3,0,3,2,0
BRU,2016,0,0,3,0,3,2,0
BRU,2020,0,0,2,0,2,2,0
BRU,2024,0,0,3,0,3,2,0
BUL,1924,0,0,31,0,31,4,0
BUL,1928,0,0,10,0,10,2,0
BUL,1932,0,0,2,0,2,1,0
BUL,1936,0,0,85,0,85,7,0
BUL,1952,1,0,178,0,179,8,0
BUL,1956,14,1,64,3,82,7,0
BUL,1960,3,1,176,3,183,12,0
BUL,1964,2,3,106,5,116,9,0
BUL,1968,3,2,163,21,189,13,0
BUL,1972,6,6,204,10,226,15,0
BUL,1976,18,8,215,13,254,14,0
BUL,1980,38,8,307,44,397,20,0
BUL,1988,17,10,240,14,281,16,0
BUL,1992,7,3,219,7,236,19,0
BUL,1996,6,3,160,12,181,17,0
BUL,2000,2,5,137,6,150,16,0
BUL,2004,14,2,102,1,119,19,0
BUL,2008,3,1,82,1,87,15,0
BUL,2012,1,0,73,1,75,17,0
BUL,2016,6,0,51,1,58,14,0
BUL,2020,2,7,46,1,56,13,0
BUL,2024,3,3,54,1,61,16,0
BUR,1972,0,0,1,0,1,1,0
BUR,1988,0,0,9,0,9,2,0
BUR,1992,0,0,4,0,4,2,0
BUR,1996,0,0,5,0,5,2,0
BUR,2000,0,0,4,0,4,3,0
BUR,2004,0,0,5,0,5,3,0
BUR,2008,0,0,6,0,6,4,0
BUR,2012,0,0,5,0,5,3,0
BUR,2016,0,0,5,0,5,3,0
BUR,2020,1,0,7,0,8,5,0
BUR,2024,0,0,8,0,8,5,0
CAF,1968,0,0,1,0,1,1,0
CAF,1984,0,0,3,0,3,2,0
CAF,1988,0,0,15,0,15,3,0
CAF,1992,0,0,21,0,21,3,0
CAF,1996,0,0,5,0,5,1,0
CAF,2000,0,0,3,0,3,2,0
CAF,2004,0,0,4,0,4,3,0
CAF,2008,0,0,3,0,3,2,0
CAF,2012,0,0,6,0,6,4,0
CAF,2016,0,0,6,0,6,4,0
CAF,2020,0,0,2,0,2,2,0
CAF,2024,0,0,4,0,4,3,0
CAM,1956,0,0,2,0,2,1,0
CAM,1964,0,0,15,0,15,3,0
CAM,1972,0,0,17,0,17,3,0
CAM,1996,0,0,5,0,5,3,0
CAM,2000,0,0,4,0,4,2,0
CAM,2004,0,0,4,0,4,2,0
CAM,2008,0,0,4,0,4,2,0
CAM,2012,0,0,6,0,6,4,0
CAM,2016,0,0,6,0,6,4,0
CAM,2020,0,0,3,0,3,2,0
CAM,2024,0,0,3,0,3,2,0
CAN,1900,1,1,5,0,7,1,0
CAN,1904,12,27,13,9,61,6,0
CAN,1906,0,1,2,1,4,1,0
CAN,1908,30,14,96,8,148,11,0
CAN,1912,3,3,52,2,60,7,0
CAN,1920,3,10,69,3,85,9,0
CAN,1924,1,0,63,19,83,8,0
CAN,1928,21,7,80,5,113,8,0
CAN,1932,24,2,152,13,191,10,0
CAN,1936,9,1,145,12,167,12,0
CAN,1948,5,0,181,2,188,13,0
CAN,1952,0,1,150,3,154,13,0
CAN,1956,5,5,131,9,150,15,0
CAN,1960,0,0,131,9,140,14,0
CAN,1964,1,2,189,2,194,16,0
CAN,1968,4,3,281,3,291,14,0
CAN,1972,9,0,333,2,344,18,0
CAN,1976,14,0,508,9,531,23,1
CAN,1984,32,19,485,36,572,23,0
CAN,1988,14,4,480,5,503,23,0
CAN,1992,12,27,401,5,445,24,0
CAN,1996,12,8,358,30,408,25,0
CAN,2000,23,4,391,4,422,29,0
CAN,2004,4,3,374,10,391,28,0
CAN,2008,11,11,414,13,449,30,0
CAN,2012,33,1,299,21,354,28,0
CAN,2016,61,4,336,4,405,31,0
CAN,2020,38,36,424,11,509,40,0
CAN,2024,14,14,481,29,538,40,0
CAY,1976,0,0,2,0,2,1,0
CAY,1984,0,0,14,0,14,2,0
CAY,1988,0,0,12,0,12,2,0
CAY,1992,0,0,13,0,13,3,0
CAY,1996,0,0,9,0,9,3,0
CAY,2000,0,0,4,0,4,2,0
CAY,2004,0,0,8,0,8,2,0
CAY,2008,0,0,6,0,6,2,0
CAY,2012,0,0,7,0,7,2,0
CAY,2016,0,0,5,0,5,3,0
CAY,2020,0,0,9,0,9,3,0
CAY,2024,0,0,5,0,5,3,0
CGO,1964,0,0,2,0,2,1,0
CGO,1972,0,0,8,0,8,1,0
CGO,1980,0,0,25,0,25,3,0
CGO,1984,0,0,13,0,13,2,0
CGO,1988,0,0,10,0,10,1,0
CGO,1992,0,0,10,0,10,2,0
CGO,1996,0,0,5,0,5,3,0
CGO,2000,0,0,5,0,5,3,0
CGO,2004,0,0,5,0,5,4,0
CGO,2008,0,0,5,0,5,3,0
CGO,2012,0,0,7,0,7,3,0
CGO,2016,0,0,10,0,10,5,0
CGO,2020,0,0,3,0,3,2,0
CGO,2024,0,0,4,0,4,3,0
CHA,1964,0,0,2,0,2,1,0
CHA,1968,0,0,4,0,4,1,0
CHA,1972,0,0,5,0,5,2,0
CHA,1984,0,0,3,0,3,1,0
CHA,1988,0,0,6,0,6,1,0
CHA,1992,0,0,7,0,7,2,0
CHA,1996,0,0,4,0,4,1,0
CHA,2000,0,0,3,0,3,1,0
CHA,2004,0,0,1,0,1,1,0
CHA,2008,0,0,2,0,2,1,0
CHA,2012,0,0,2,0,2,2,0
CHA,2016,0,0,2,0,2,1,0
CHA,2020,0,0,3,0,3,3,0
CHA,2024,0,0,3,0,3,3,0
CHI,1912,0,0,28,0,28,4,0
CHI,1920,0,0,2,0,2,1,0
CHI,1924,0,0,18,0,18,5,0
CHI,1928,0,0,45,1,46,6,0
CHI,1936,0,0,56,0,56,8,0
CHI,1948,0,0,72,0,72,9,0
CHI,1952,0,0,78,4,82,9,0
CHI,1956,2,0,39,2,43,8,0
CHI,1960,0,0,9,0,9,3,0
CHI,1964,0,0,16,0,16,6,0
CHI,1968,0,0,25,0,25,4,0
CHI,1972,0,0,13,0,13,5,0
CHI,1976,0,0,9,0,9,4,0
CHI,1984,0,0,64,0,64,8,0
CHI,1988,0,0,22,1,23,6,0
CHI,1992,0,0,15,0,15,7,0
CHI,1996,0,0,24,0,24,10,0
CHI,2000,17,0,41,0,58,14,0
CHI,2004,1,3,25,0,29,11,0
CHI,2008,0,0,28,1,29,14,0
CHI,2012,0,0,44,0,44,17,0
CHI,2016,0,0,47,0,47,16,0
CHI,2020,0,0,63,0,63,25,0
CHI,2024,0,1,50,1,52,22,0
CHN,1932,0,0,2,0,2,1,0
CHN,1936,0,0,65,0,65,7,0
CHN,1948,0,0,33,0,33,6,0
CHN,1952,0,0,1,0,1,1,0
CHN,1984,37,24,249,13,323,19,0
CHN,1988,30,6,375,16,427,25,0
CHN,1992,19,18,312,45,394,23,0
CHN,1996,17,19,332,70,438,25,0
CHN,2000,17,39,335,23,414,28,0
CHN,2004,15,52,424,27,518,31,0
CHN,2008,57,74,546,53,730,34,1
CHN,2012,29,56,354,40,479,29,0
CHN,2016,37,46,386,30,499,32,0
CHN,2020,33,59,433,49,574,41,0
CHN,2024,40,71,419,57,587,42,0
CIV,1964,0,0,10,0,10,2,0
CIV,1968,0,0,11,0,11,2,0
CIV,1972,0,0,13,0,13,2,0
CIV,1976,0,0,11,0,11,1,0
CIV,1984,0,0,17,1,18,4,0
CIV,1988,0,0,29,0,29,5,0
CIV,1992,0,0,18,0,18,3,0
CIV,1996,0,0,13,0,13,4,0
CIV,2000,0,0,18,0,18,5,0
CIV,2004,0,0,5,0,5,3,0
CIV,2008,0,0,22,0,22,5,0
CIV,2012,0,0,10,0,10,6,0
CIV,2016,1,1,13,0,15,6,0
CIV,2020,1,0,31,0,32,6,0
CIV,2024,1,0,17,0,18,4,0
CMR,1964,0,0,2,0,2,1,0
CMR,1968,0,0,4,1,5,2,0
CMR,1972,0,0,18,0,18,3,0
CMR,1976,0,0,4,0,4,1,0
CMR,1980,0,0,29,0,29,5,0
CMR,1984,1,0,55,0,56,6,0
CMR,1988,0,0,21,0,21,4,0
CMR,1992,0,0,12,0,12,2,0
CMR,1996,0,0,19,0,19,5,0
CMR,2000,0,18,21,0,39,4,0
CMR,2004,0,1,18,0,19,5,0
CMR,2008,0,1,31,0,32,9,0
CMR,2012,0,0,32,0,32,9,0
CMR,2016,0,0,22,0,22,6,0
CMR,2020,0,0,12,0,12,7,0
CMR,2024,0,0,6,0,6,4,0
COD,1968,0,0,8,0,8,1,0
COD,1984,0,0,9,0,9,2,0
COD,1988,0,0,21,0,21,3,0
COD,1992,0,0,19,0,19,4,0
COD,1996,0,0,14,0,14,2,0
COD,2000,0,0,3,0,3,1,0
COD,2004,0,0,6,0,6,2,0
COD,2008,0,0,5,0,5,4,0
COD,2012,0,0,4,0,4,3,0
COD,2016,0,0,4,0,4,3,0
COD,2020,0,0,7,0,7,4,0
COD,2024,0,0,6,0,6,4,0
COK,1988,0,0,8,0,8,3,0
COK,1992,0,0,2,0,2,2,0
COK,1996,0,0,3,0,3,3,0
COK,2000,0,0,2,0,2,2,0
COK,2004,0,0,3,0,3,2,0
COK,2008,0,0,4,0,4,3,0
COK,2012,0,0,9,0,9,5,0
COK,2016,0,0,9,0,9,5,0
COK,2020,0,0,9,0,9,4,0
COK,2024,0,0,2,0,2,2,0
COL,1900,0,0,0,1,1,1,0
COL,1932,0,0,2,0,2,2,0
COL,1936,0,0,6,0,6,1,0
COL,1948,0,0,11,0,11,3,0
COL,1956,0,0,47,0,47,6,0
COL,1960,0,0,23,0,23,5,0
COL,1964,0,0,40,0,40,6,0
COL,1968,0,0,70,0,70,5,0
COL,1972,2,0,72,1,75,8,0
COL,1976,0,0,44,0,44,7,0
COL,1980,0,0,28,0,28,3,0
COL,1984,0,0,47,1,48,8,0
COL,1988,1,0,56,0,57,10,0
COL,1992,1,0,60,0,61,11,0
COL,1996,0,0,62,0,62,9,0
COL,2000,0,1,53,0,54,13,0
COL,2004,2,0,69,0,71,15,0
COL,2008,1,0,88,1,90,16,0
COL,2012,4,1,112,3,120,19,0
COL,2016,3,3,149,2,157,21,0
COL,2020,1,0,72,4,77,20,0
COL,2024,1,0,101,3,105,24,0
COM,1996,0,0,4,0,4,1,0
COM,2000,0,0,2,0,2,1,0
COM,2004,0,0,3,0,3,2,0
COM,2008,0,0,3,0,3,2,0
COM,2012,0,0,3,0,3,2,0
COM,2016,0,0,4,0,4,2,0
COM,2020,0,0,3,0,3,2,0
COM,2024,0,0,5,0,5,3,0
CPV,1996,0,0,3,0,3,1,0
CPV,2000,0,0,2,0,2,1,0
CPV,2004,0,0,3,0,3,3,0
CPV,2008,0,0,2,0,2,2,0
CPV,2012,0,0,3,0,3,2,0
CPV,2016,0,0,5,0,5,4,0
CPV,2020,0,0,6,0,6,5,0
CPV,2024,1,0,6,0,7,5,0
CRC,1936,0,0,1,0,1,1,0
CRC,1964,0,0,2,0,2,1,0
CRC,1968,0,0,27,0,27,6,0
CRC,1972,0,0,4,0,4,3,0
CRC,1976,0,0,10,0,10,4,0
CRC,1980,0,0,37,0,37,5,0
CRC,1984,0,0,32,0,32,5,0
CRC,1988,0,0,32,1,33,6,0
CRC,1992,0,0,20,0,20,6,0
CRC,1996,0,1,12,0,13,6,0
CRC,2000,2,0,7,0,9,5,0
CRC,2004,0,0,21,0,21,6,0
CRC,2008,0,0,8,0,8,4,0
CRC,2012,0,0,11,0,11,6,0
CRC,2016,0,0,12,0,12,6,0
CRC,2020,0,0,18,0,18,8,0
CRC,2024,0,0,6,0,6,5,0
CRO,1992,3,0,31,12,46,11,0
CRO,1996,0,16,89,12,117,14,0
CRO,2000,9,1,98,0,108,12,0
CRO,2004,3,15,79,3,100,14,0
CRO,2008,3,0,120,2,125,15,0
CRO,2012,16,15,83,4,118,17,0
CRO,2016,2,7,69,15,93,18,0
CRO,2020,2,5,63,4,74,17,0
CRO,2024,3,3,65,14,85,16,0
CRT,1906,0,0,11,0,11,2,0
CUB,1900,0,1,0,1,2,1,0
CUB,1904,0,5,1,0,6,2,0
CUB,1924,0,0,13,0,13,2,0
CUB,1928,0,0,1,0,1,1,0
CUB,1932,0,0,3,0,3,1,0
CUB,1948,0,0,110,2,112,12,0
CUB,1952,0,0,57,0,57,8,0
CUB,1956,0,0,24,0,24,5,0
CUB,1960,0,0,21,0,21,8,0
CUB,1964,0,0,75,1,76,6,0
CUB,1968,0,0,217,10,227,13,0
CUB,1972,18,3,179,1,201,14,0
CUB,1976,14,6,170,4,194,14,0
CUB,1980,5,8,268,7,288,19,0
CUB,1992,14,42,127,13,196,16,0
CUB,1996,10,37,123,8,178,15,0
CUB,2000,12,18,206,35,271,24,0
CUB,2004,22,32,115,8,177,18,0
CUB,2008,11,2,124,34,171,18,0
CUB,2012,6,5,104,3,118,14,0
CUB,2016,4,5,132,2,143,19,0
CUB,2020,5,8,66,3,82,15,0
CUB,2024,6,2,60,1,69,16,0
CYP,1980,0,0,15,0,15,3,0
CYP,1984,0,0,12,0,12,4,0
CYP,1988,0,0,11,0,11,4,0
CYP,1992,0,0,19,0,19,8,0
CYP,1996,0,0,24,0,24,5,0
CYP,2000,0,0,24,0,24,4,0
CYP,2004,0,0,21,0,21,7,0
CYP,2008,0,0,18,0,18,6,0
CYP,2012,0,0,12,1,13,7,0
CYP,2016,0,0,21,0,21,6,0
CYP,2020,0,0,23,0,23,6,0
CYP,2024,0,0,22,1,23,9,0
CZE,1996,4,4,156,5,169,17,0
CZE,2000,4,2,153,3,162,20,0
CZE,2004,6,1,158,6,171,20,0
CZE,2008,0,3,151,4,158,21,0
CZE,2012,6,4,145,4,159,21,0
CZE,2016,12,1,120,2,135,20,0
CZE,2020,4,5,138,4,151,26,0
CZE,2024,5,4,140,0,149,27,0
DEN,1896,3,1,9,2,15,5,0
DEN,1900,2,4,27,3,36,5,0
DEN,1906,1,14,34,19,68,8,0
DEN,1908,3,0,90,14,107,8,0
DEN,1912,33,5,146,49,233,13,0
DEN,1920,1,26,175,44,246,14,0
DEN,1924,3,2,144,9,158,13,0
DEN,1928,4,6,107,5,122,14,0
DEN,1932,4,0,83,7,94,9,0
DEN,1936,3,0,167,3,173,14,0
DEN,1948,27,7,202,17,253,17,0
DEN,1952,5,3,192,1,201,15,0
DEN,1956,1,1,45,4,51,11,0
DEN,1960,4,2,86,17,109,15,0
DEN,1964,4,7,59,1,71,10,0
DEN,1968,6,5,76,6,93,11,0
DEN,1972,0,1,154,0,155,17,0
DEN,1976,5,3,73,0,81,15,0
DEN,1980,2,4,52,2,60,13,0
DEN,1984,10,0,61,3,74,11,0
DEN,1988,3,3,123,1,130,15,0
DEN,1992,9,3,130,2,144,14,0
DEN,1996,1,21,122,1,145,14,0
DEN,2000,4,18,99,3,124,16,0
DEN,2004,9,19,86,1,115,16,0
DEN,2008,6,6,89,7,108,16,0
DEN,2012,8,3,133,5,149,17,0
DEN,2016,16,15,102,10,143,16,0
DEN,2020,5,4,105,24,138,19,0
DEN,2024,19,17,120,5,161,24,0
DJI,1984,0,0,3,0,3,1,0
DJI,1988,1,0,5,0,6,2,0
DJI,1992,0,0,8,0,8,3,0
DJI,1996,0,0,5,0,5,2,0
DJI,2000,0,0,2,0,2,1,0
DJI,2008,0,0,2,0,2,1,0
DJI,2012,0,0,4,0,4,3,0
DJI,2016,0,0,8,0,8,3,0
DJI,2020,0,0,5,0,5,3,0
DJI,2024,0,0,7,0,7,3,0
DMA,1996,0,0,6,0,6,2,0
DMA,2000,0,0,4,0,4,2,0
DMA,2004,0,0,2,0,2,1,0
DMA,2008,0,0,2,0,2,1,0
DMA,2012,0,0,2,0,2,1,0
DMA,2016,0,0,2,0,2,1,0
DMA,2020,0,0,2,0,2,1,0
DMA,2024,0,1,3,0,4,2,0
DOM,1964,0,0,1,0,1,1,0
DOM,1968,0,0,24,0,24,5,0
DOM,1972,0,0,5,0,5,3,0
DOM,1976,0,0,11,0,11,3,0
DOM,1980,0,0,7,0,7,4,0
DOM,1984,1,0,23,0,24,7,0
DOM,1988,0,0,18,0,18,5,0
DOM,1992,0,0,32,0,32,5,0
DOM,1996,0,0,16,0,16,7,0
DOM,2000,0,0,13,0,13,5,0
DOM,2004,0,1,32,0,33,9,0
DOM,2008,0,1,25,1,27,9,0
DOM,2012,0,1,34,1,36,10,0
DOM,2016,1,0,29,0,30,11,0
DOM,2020,25,0,37,7,69,11,0
DOM,2024,2,1,61,0,64,13,0
ECU,1924,0,0,4,0,4,1,0
ECU,1968,0,0,41,0,41,6,0
ECU,1972,0,0,4,0,4,2,0
ECU,1976,0,0,8,0,8,4,0
ECU,1980,0,0,16,0,16,5,0
ECU,1984,0,0,15,0,15,6,0
ECU,1988,0,0,15,0,15,6,0
ECU,1992,0,0,15,0,15,6,0
ECU,1996,0,1,27,0,28,7,0
ECU,2000,0,0,11,0,11,5,0
ECU,2004,0,0,18,0,18,7,0
ECU,2008,0,0,25,1,26,9,0
ECU,2012,0,0,36,0,36,11,0
ECU,2016,0,0,40,0,40,12,0
ECU,2020,0,2,49,1,52,17,0
ECU,2024,2,1,41,3,47,14,0
EGY,1906,0,0,5,0,5,3,0
EGY,1920,0,0,22,0,22,6,0
EGY,1924,0,0,30,0,30,9,0
EGY,1928,1,2,39,1,43,5,0
EGY,1936,2,2,61,1,66,10,0
EGY,1948,1,2,161,2,166,12,0
EGY,1952,1,0,195,0,196,14,0
EGY,1956,0,0,6,0,6,1,0
EGY,1964,0,0,83,0,83,9,0
EGY,1968,0,0,35,0,35,7,0
EGY,1972,0,0,26,0,26,5,0
EGY,1976,0,0,26,0,26,4,0
EGY,1984,0,0,147,1,148,15,0
EGY,1988,0,0,59,0,59,12,0
EGY,1992,0,0,83,0,83,13,0
EGY,1996,0,0,33,0,33,8,0
EGY,2000,0,0,103,0,103,20,0
EGY,2004,3,1,99,1,104,17,0
EGY,2008,1,0,115,0,116,19,0
EGY,2012,0,0,130,2,132,21,0
EGY,2016,3,0,134,0,137,23,0
EGY,2020,4,1,189,1,195,27,0
EGY,2024,1,1,204,1,207,26,0
EOR,2020,0,0,35,0,35,12,0
EOR,2024,1,0,43,0,44,13,0
ERI,2000,0,0,3,0,3,1,0
ERI,2004,1,0,4,0,5,1,0
ERI,2008,0,0,11,0,11,1,0
ERI,2012,0,0,12,0,12,2,0
ERI,2016,0,0,12,0,12,2,0
ERI,2020,0,0,14,0,14,3,0
ERI,2024,0,0,12,0,12,3,0
ESA,1932,0,0,4,0,4,1,0
ESA,1968,0,0,104,0,104,7,0
ESA,1972,0,0,18,0,18,2,0
ESA,1984,0,0,15,0,15,5,0
ESA,1988,0,0,7,0,7,4,0
ESA,1992,0,0,6,0,6,3,0
ESA,1996,0,0,10,0,10,5,0
ESA,2000,0,0,10,0,10,7,0
ESA,2004,0,0,9,0,9,6,0
ESA,2008,0,0,14,0,14,9,0
ESA,2012,0,0,11,0,11,7,0
ESA,2016,0,0,10,0,10,6,0
ESA,2020,0,0,7,0,7,4,0
ESA,2024,0,0,9,0,9,7,0
ESP,1900,0,2,10,0,12,4,0
ESP,1920,0,0,88,23,111,7,0
ESP,1924,0,0,151,0,151,15,0
ESP,1928,0,3,103,0,106,10,0
ESP,1932,1,0,7,0,8,3,0
ESP,1948,0,0,81,3,84,11,0
ESP,1952,0,0,41,1,42,7,0
ESP,1956,0,0,12,0,12,1,0
ESP,1960,14,0,224,0,238,16,0
ESP,1964,0,0,67,0,67,9,0
ESP,1968,0,0,137,0,137,12,0
ESP,1972,1,0,161,0,162,17,0
ESP,1976,0,0,154,6,160,14,0
ESP,1980,3,2,187,19,211,18,0
ESP,1984,3,2,238,14,257,23,0
ESP,1988,2,1,312,2,317,24,0
ESP,1992,2,48,468,19,537,29,1
ESP,1996,22,23,318,21,384,22,0
ESP,2000,20,3,389,19,431,27,0
ESP,2004,9,4,393,17,423,27,0
ESP,2008,16,7,285,47,355,29,0
ESP,2012,25,5,276,33,339,27,0
ESP,2016,17,9,318,19,363,28,0
ESP,2020,22,4,359,44,429,36,0
ESP,2024,36,40,443,7,526,39,0
EST,1920,0,1,17,2,20,3,0
EST,1924,4,1,41,1,47,5,0
EST,1928,6,2,14,1,23,5,0
EST,1932,0,0,3,0,3,2,0
EST,1936,3,2,29,2,36,8,0
EST,1992,2,1,43,0,46,13,0
EST,1996,0,0,52,0,52,13,0
EST,2000,2,1,38,0,41,11,0
EST,2004,2,0,42,1,45,10,0
EST,2008,0,1,50,2,53,13,0
EST,2012,1,0,34,1,36,11,0
EST,2016,4,0,45,0,49,13,0
EST,2020,1,4,37,0,42,15,0
EST,2024,0,0,26,0,26,14,0
ETH,1956,0,0,30,0,30,2,0
ETH,1960,0,1,14,0,15,2,0
ETH,1964,0,1,18,0,19,3,0
ETH,1968,0,1,24,1,26,3,0
ETH,1972,2,0,38,0,40,3,0
ETH,1980,2,2,44,0,48,3,0
ETH,1992,2,1,21,0,24,2,0
ETH,1996,1,2,16,0,19,2,0
ETH,2000,3,4,19,1,27,2,0
ETH,2004,2,2,20,3,27,2,0
ETH,2008,2,4,22,1,29,1,0
ETH,2012,3,3,27,1,34,2,0
ETH,2016,5,1,30,2,38,3,0
ETH,2020,2,1,34,1,38,4,0
ETH,2024,0,1,31,3,35,2,0
EUN,1992,67,92,430,61,650,27,0
FIJ,1956,0,0,5,0,5,3,0
FIJ,1960,0,0,3,0,3,1,0
FIJ,1968,0,0,1,0,1,1,0
FIJ,1972,0,0,4,0,4,1,0
FIJ,1976,0,0,5,0,5,1,0
FIJ,1984,0,0,26,0,26,5,0
FIJ,1988,0,0,41,0,41,5,0
FIJ,1992,0,0,36,0,36,4,0
FIJ,1996,0,0,21,0,21,5,0
FIJ,2000,0,0,9,0,9,5,0
FIJ,2004,0,0,9,0,9,6,0
FIJ,2008,0,0,6,0,6,5,0
FIJ,2012,0,0,9,0,9,6,0
FIJ,2016,0,13,40,0,53,10,0
FIJ,2020,13,13,6,0,32,6,0
FIJ,2024,0,0,22,14,36,7,0
FIN,1906,1,2,14,1,18,2,0
FIN,1908,28,1,64,1,94,6,0
FIN,1912,22,9,162,40,233,10,0
FIN,1920,17,21,84,14,136,9,0
FIN,1924,15,24,201,13,253,12,0
FIN,1928,9,8,107,8,132,11,0
FIN,1932,16,5,37,8,66,5,0
FIN,1936,13,8,159,6,186,14,0
FIN,1948,8,17,182,8,215,16,0
FIN,1952,29,8,372,3,412,18,1
FIN,1956,22,3,121,1,147,15,0
FIN,1960,4,1,213,1,219,14,0
FIN,1964,2,3,146,0,151,13,0
FIN,1968,1,1,122,2,126,13,0
FIN,1972,6,3,123,1,133,16,0
FIN,1976,0,4,102,2,108,14,0
FIN,1980,5,3,116,1,125,16,0
FIN,1984,6,4,95,2,107,15,0
FIN,1988,2,1,97,1,101,15,0
FIN,1992,2,1,123,4,130,16,0
FIN,1996,1,1,101,2,105,15,0
FIN,2000,1,3,83,1,88,16,0
FIN,2004,0,0,65,2,67,12,0
FIN,2008,2,1,65,2,70,14,0
FIN,2012,4,0,64,1,69,14,0
FIN,2016,1,0,66,0,67,17,0
FIN,2020,2,0,47,0,49,11,0
FIN,2024,0,0,62,0,62,14,0
FRA,1896,2,5,15,4,26,6,0
FRA,1900,82,52,836,101,1071,19,1
FRA,1904,0,0,0,2,2,1,0
FRA,1906,28,20,110,16,174,11,0
FRA,1908,23,12,279,5,319,13,0
FRA,1912,5,10,206,11,232,13,0
FRA,1920,57,13,311,71,452,23,0
FRA,1924,22,37,526,51,636,20,1
FRA,1928,14,12,372,24,422,17,0
FRA,1932,6,26,119,8,159,13,0
FRA,1936,18,13,259,13,303,18,0
FRA,1948,24,26,361,22,433,20,0
FRA,1952,17,14,368,9,408,18,0
FRA,1956,13,7,194,13,227,16,0
FRA,1960,6,0,351,6,363,19,0
FRA,1964,17,1,183,13,214,14,0
FRA,1968,10,12,284,5,311,16,0
FRA,1972,15,2,334,5,356,18,0
FRA,1976,8,5,282,7,302,18,0
FRA,1980,6,18,171,5,200,13,0
FRA,1984,31,20,287,16,354,21,0
FRA,1988,13,12,384,4,413,23,0
FRA,1992,43,9,429,5,486,25,0
FRA,1996,20,21,402,10,453,25,0
FRA,2000,14,22,404,30,470,28,0
FRA,2004,22,21,408,10,461,27,0
FRA,2008,28,25,371,24,448,25,0
FRA,2012,22,30,344,30,426,28,0
FRA,2016,21,20,416,55,512,32,0
FRA,2020,34,65,397,42,538,41,0
FRA,2024,39,53,614,95,801,46,1
FRG,1968,18,17,381,16,432,17,0
FRG,1972,39,44,485,19,587,23,0
FRG,1976,32,21,374,25,452,20,0
FRG,1984,53,30,413,75,571,25,0
FRG,1988,46,32,401,37,516,24,0
FSM,2000,0,0,5,0,5,3,0
FSM,2004,0,0,5,0,5,3,0
FSM,2008,0,0,5,0,5,3,0
FSM,2012,0,0,6,0,6,4,0
FSM,2016,0,0,5,0,5,3,0
FSM,2020,0,0,3,0,3,2,0
FSM,2024,0,0,3,0,3,2,0
GAB,1972,0,0,1,0,1,1,0
GAB,1984,0,0,4,0,4,2,0
GAB,1988,0,0,2,0,2,2,0
GAB,1992,0,0,5,0,5,3,0
GAB,1996,0,0,9,0,9,3,0
GAB,2000,0,0,6,0,6,3,0
GAB,2004,0,0,5,0,5,3,0
GAB,2008,0,0,4,0,4,3,0
GAB,2012,0,0,20,1,21,5,0
GAB,2016,0,0,6,0,6,4,0
GAB,2020,0,0,5,0,5,4,0
GAB,2024,0,0,5,0,5,4,0
GAM,1984,0,0,16,0,16,1,0
GAM,1988,0,0,6,0,6,2,0
GAM,1992,0,0,8,0,8,1,0
GAM,1996,0,0,12,0,12,1,0
GAM,2000,0,0,2,0,2,1,0
GAM,2004,0,0,3,0,3,1,0
GAM,2008,0,0,3,0,3,2,0
GAM,2012,0,0,2,0,2,1,0
GAM,2016,0,0,4,0,4,3,0
GAM,2020,0,0,5,0,5,3,0
GAM,2024,0,0,8,0,8,4,0
GBR,1896,3,3,16,3,25,7,0
GBR,1900,15,59,38,34,146,16,0
GBR,1904,0,1,4,1,6,3,0
GBR,1906,8,9,74,22,113,9,0
GBR,1908,90,147,604,131,972,24,0
GBR,1912,59,47,291,64,461,16,0
GBR,1920,17,52,234,42,345,21,0
GBR,1924,19,15,364,30,428,18,0
GBR,1928,24,7,296,27,354,14,0
GBR,1932,14,9,135,12,170,10,0
GBR,1936,8,12,214,16,250,17,0
GBR,1948,12,7,529,42,590,20,0
GBR,1952,26,3,370,2,401,18,0
GBR,1956,22,8,237,16,283,18,0
GBR,1960,15,2,361,11,389,17,0
GBR,1964,5,4,273,19,301,17,0
GBR,1968,5,9,309,5,328,16,0
GBR,1972,12,8,404,9,433,18,0
GBR,1976,11,6,321,15,353,17,0
GBR,1980,24,5,281,18,328,14,0
GBR,1984,42,9,438,20,509,20,0
GBR,1988,15,22,418,17,472,22,0
GBR,1992,39,8,462,3,512,23,0
GBR,1996,9,2,365,15,391,22,0
GBR,2000,12,22,361,20,415,23,0
GBR,2004,15,17,303,25,360,24,0
GBR,2008,25,31,339,25,420,23,0
GBR,2012,48,48,558,30,684,32,0
GBR,2016,26,64,333,55,478,26,0
GBR,2020,57,41,407,43,548,35,0
GBR,2024,76,39,377,41,533,33,0
GBS,1996,0,0,3,0,3,2,0
GBS,2000,0,0,3,0,3,2,0
GBS,2004,0,0,3,0,3,2,0
GBS,2008,0,0,3,0,3,2,0
GBS,2012,0,0,4,0,4,2,0
GBS,2016,0,0,5,0,5,3,0
GBS,2020,0,0,4,0,4,3,0
GBS,2024,0,0,6,0,6,5,0
GDR,1968,19,13,294,20,346,18,0
GDR,1972,57,30,303,64,454,18,0
GDR,1976,42,102,212,51,407,17,0
GDR,1980,61,115,231,88,495,17,0
GDR,1988,48,79,221,54,402,16,0
GEO,1996,2,0,40,0,42,13,0
GEO,2000,6,0,41,0,47,12,0
GEO,2004,0,2,35,2,39,10,0
GEO,2008,3,3,32,0,38,11,0
GEO,2012,3,1,29,3,36,10,0
GEO,2016,4,2,38,1,45,12,0
GEO,2020,1,2,28,5,36,11,0
GEO,2024,1,3,31,3,38,9,0
GEQ,1984,0,0,5,0,5,1,0
GEQ,1988,0,0,7,0,7,1,0
GEQ,1992,0,0,8,0,8,1,0
GEQ,1996,0,0,8,0,8,1,0
GEQ,2000,0,0,4,0,4,2,0
GEQ,2004,0,0,2,0,2,1,0
GEQ,2008,0,0,3,0,3,2,0
GEQ,2012,0,0,2,0,2,1,0
GEQ,2016,0,0,1,0,1,1,0
GEQ,2020,0,0,3,0,3,2,0
GEQ,2024,0,0,3,0,3,2,0
GER,1896,2,25,62,5,94,6,0
GER,1900,11,14,58,20,103,10,0
GER,1904,7,4,39,5,55,9,0
GER,1906,6,14,127,10,157,9,0
GER,1908,6,4,127,11,148,12,0
GER,1912,23,11,259,19,312,14,0
GER,1928,41,21,322,15,399,16,0
GER,1932,7,10,159,26,202,15,0
GER,1936,61,93,357,70,581,22,0
GER,1952,26,0,325,14,365,18,0
GER,1956,23,9,209,20,261,16,0
GER,1960,22,34,336,33,425,17,0
GER,1964,50,22,362,44,478,19,0
GER,1992,60,81,455,57,653,26,0
GER,1996,47,42,502,35,626,26,0
GER,2000,64,31,449,23,567,29,0
GER,2004,63,41,443,45,592,29,0
GER,2008,41,42,459,16,558,30,0
GER,2012,22,45,416,27,510,27,0
GER,2016,67,49,377,43,536,29,0
GER,2020,34,21,516,26,597,37,0
GER,2024,38,21,539,49,647,42,0
GHA,1952,0,0,9,0,9,1,0
GHA,1960,0,0,14,1,15,2,0
GHA,1964,1,0,39,0,40,3,0
GHA,1968,0,0,36,0,36,3,0
GHA,1972,1,0,40,0,41,3,0
GHA,1984,0,0,27,0,27,2,0
GHA,1988,0,0,21,0,21,3,0
GHA,1992,20,0,21,0,41,4,0
GHA,1996,0,0,40,0,40,4,0
GHA,2000,0,0,28,0,28,2,0
GHA,2004,0,0,29,0,29,2,0
GHA,2008,0,0,9,0,9,2,0
GHA,2012,0,0,7,0,7,4,0
GHA,2016,0,0,15,0,15,5,0
GHA,2020,1,0,15,0,16,5,0
GHA,2024,0,0,11,0,11,2,0
GRE,1896,20,10,100,18,148,9,0
GRE,1900,0,0,4,0,4,2,0
GRE,1904,1,1,15,0,17,3,0
GRE,1906,30,24,382,48,484,13,0
GRE,1908,1,0,45,3,49,3,0
GRE,1912,1,1,75,0,77,5,0
GRE,1920,0,0,93,5,98,8,0
GRE,1924,0,1,78,0,79,9,0
GRE,1928,0,0,47,0,47,4,0
GRE,1932,0,0,16,0,16,3,0
GRE,1936,0,0,64,0,64,7,0
GRE,1948,0,0,97,0,97,10,0
GRE,1952,0,0,54,0,54,7,0
GRE,1956,1,0,15,0,16,5,0
GRE,1960,0,3,56,0,59,8,0
GRE,1964,0,0,19,0,19,4,0
GRE,1968,1,0,43,0,44,7,0
GRE,1972,0,0,64,2,66,9,0
GRE,1976,0,0,40,0,40,8,0
GRE,1980,4,1,40,0,45,8,0
GRE,1984,1,0,71,1,73,11,0
GRE,1988,1,0,71,0,72,12,0
GRE,1992,0,2,74,0,76,17,0
GRE,1996,0,4,172,4,180,18,0
GRE,2000,8,4,157,6,175,23,0
GRE,2004,5,8,468,18,499,33,0
GRE,2008,4,0,169,3,176,23,0
GRE,2012,3,0,112,0,115,20,0
GRE,2016,3,3,97,1,104,16,0
GRE,2020,1,2,84,13,100,20,0
GRE,2024,8,1,116,1,126,17,0
GRN,1984,0,0,6,0,6,2,0
GRN,1988,0,0,7,0,7,2,0
GRN,1992,0,0,5,0,5,1,0
GRN,1996,0,0,5,0,5,1,0
GRN,2000,0,0,3,0,3,2,0
GRN,2004,0,0,5,0,5,2,0
GRN,2008,0,0,9,0,9,2,0
GRN,2012,0,1,7,0,8,3,0
GRN,2016,0,0,5,1,6,2,0
GRN,2020,1,0,5,0,6,2,0
GRN,2024,2,0,4,0,6,2,0
GUA,1932,0,0,1,0,1,1,0
GUA,1952,0,0,35,0,35,6,0
GUA,1968,0,0,67,0,67,8,0
GUA,1972,0,0,11,0,11,3,0
GUA,1976,0,0,28,0,28,5,0
GUA,1980,0,0,10,0,10,5,0
GUA,1984,0,0,53,0,53,9,0
GUA,1988,0,0,37,0,37,8,0
GUA,1992,0,0,41,0,41,7,0
GUA,1996,0,0,28,0,28,11,0
GUA,2000,0,0,18,0,18,7,0
GUA,2004,0,0,19,0,19,8,0
GUA,2008,0,0,13,0,13,9,0
GUA,2012,0,0,23,1,24,11,0
GUA,2016,0,0,25,0,25,10,0
GUA,2020,0,0,24,0,24,10,0
GUA,2024,1,1,14,0,16,7,0
GUI,1968,0,0,15,0,15,1,0
GUI,1980,0,0,10,0,10,3,0
GUI,1984,0,0,1,0,1,1,0
GUI,1988,0,0,7,0,7,3,0
GUI,1992,0,0,11,0,11,2,0
GUI,1996,0,0,5,0,5,2,0
GUI,2000,0,0,6,0,6,4,0
GUI,2004,0,0,4,0,4,3,0
GUI,2008,0,0,5,0,5,3,0
GUI,2012,0,0,4,0,4,3,0
GUI,2016,0,0,5,0,5,3,0
GUI,2020,0,0,5,0,5,4,0
GUI,2024,0,0,25,0,25,5,0
GUM,1988,0,0,26,0,26,7,0
GUM,1992,0,0,45,0,45,8,0
GUM,1996,0,0,9,0,9,4,0
GUM,2000,0,0,7,0,7,5,0
GUM,2004,0,0,4,0,4,3,0
GUM,2008,0,0,7,0,7,5,0
GUM,2012,0,0,8,0,8,5,0
GUM,2016,0,0,5,0,5,3,0
GUM,2020,0,0,5,0,5,4,0
GUM,2024,0,0,9,0,9,6,0
GUY,1948,0,0,7,0,7,3,0
GUY,1952,0,0,1,0,1,1,0
GUY,1956,0,0,6,0,6,2,0
GUY,1960,0,0,6,0,6,2,0
GUY,1964,0,0,1,0,1,1,0
GUY,1968,0,0,6,0,6,4,0
GUY,1972,0,0,4,0,4,2,0
GUY,1980,1,0,9,0,10,3,0
GUY,1984,0,0,12,0,12,3,0
GUY,1988,0,0,8,0,8,3,0
GUY,1992,0,0,7,0,7,3,0
GUY,1996,0,0,9,0,9,2,0
GUY,2000,0,0,4,0,4,1,0
GUY,2004,0,0,4,0,4,3,0
GUY,2008,0,0,4,0,4,2,0
GUY,2012,0,0,6,0,6,3,0
GUY,2016,0,0,7,0,7,2,0
GUY,2020,0,0,7,0,7,4,0
GUY,2024,0,0,5,0,5,3,0
HAI,1900,0,1,3,0,4,2,0
HAI,1924,5,0,11,0,16,2,0
HAI,1928,0,0,2,1,3,1,0
HAI,1932,0,0,3,0,3,2,0
HAI,1960,0,0,1,0,1,1,0
HAI,1972,0,0,7,0,7,1,0
HAI,1976,0,0,14,0,14,2,0
HAI,1984,0,0,3,0,3,2,0
HAI,1988,0,0,5,0,5,2,0
HAI,1992,0,0,8,0,8,2,0
HAI,1996,0,0,7,0,7,4,0
HAI,2000,0,0,5,0,5,3,0
HAI,2004,0,0,8,0,8,4,0
HAI,2008,0,0,7,0,7,3,0
HAI,2012,0,0,5,0,5,2,0
HAI,2016,0,0,10,0,10,7,0
HAI,2020,0,0,6,0,6,5,0
HAI,2024,0,0,12,0,12,5,0
HKG,1952,0,0,9,0,9,1,0
HKG,1956,0,0,4,0,4,1,0
HKG,1960,0,0,4,0,4,2,0
HKG,1964,0,0,50,0,50,7,0
HKG,1968,0,0,25,0,25,3,0
HKG,1972,0,0,18,0,18,5,0
HKG,1976,0,0,50,0,50,6,0
HKG,1984,0,0,87,0,87,10,0
HKG,1988,0,0,91,0,91,11,0
HKG,1992,0,0,66,0,66,11,0
HKG,1996,0,1,31,0,32,10,0
HKG,2000,0,0,46,0,46,9,0
HKG,2004,0,0,40,2,42,10,0
HKG,2008,0,0,47,0,47,11,0
HKG,2012,1,0,54,0,55,13,0
HKG,2016,0,0,47,0,47,9,0
HKG,2020,5,1,57,2,65,15,0
HKG,2024,2,2,47,0,51,13,0
HON,1968,0,0,6,0,6,1,0
HON,1976,0,0,3,0,3,1,0
HON,1984,0,0,26,0,26,3,0
HON,1988,0,0,18,0,18,3,0
HON,1992,0,0,27,0,27,4,0
HON,1996,0,0,7,0,7,4,0
HON,2000,0,0,20,0,20,3,0
HON,2004,0,0,5,0,5,4,0
HON,2008,0,0,26,0,26,5,0
HON,2012,0,0,25,0,25,8,0
HON,2016,0,0,23,0,23,7,0
HON,2020,0,0,28,0,28,5,0
HON,2024,0,0,4,0,4,3,0
HUN,1896,3,2,12,1,18,6,0
HUN,1900,2,1,29,2,34,4,0
HUN,1904,1,2,5,1,9,2,0
HUN,1906,3,5,86,5,99,7,0
HUN,1908,6,7,87,7,107,8,0
HUN,1912,3,10,177,17,207,11,0
HUN,1924,8,2,118,12,140,12,0
HUN,1928,0,10,198,11,219,12,0
HUN,1932,8,20,85,5,118,11,0
HUN,1936,15,25,294,1,335,21,0
HUN,1948,22,15,160,25,222,15,0
HUN,1952,32,53,243,17,345,15,0
HUN,1956,14,30,133,20,197,13,0
HUN,1960,37,13,246,16,312,18,0
HUN,1964,7,42,263,7,319,17,0
HUN,1968,29,32,222,20,303,15,0
HUN,1972,25,10,286,46,367,20,0
HUN,1976,35,14,233,6,288,17,0
HUN,1980,40,8,331,13,392,21,0
HUN,1988,15,20,271,9,315,20,0
HUN,1992,8,14,306,23,351,23,0
HUN,1996,26,8,272,9,315,24,0
HUN,2000,4,25,185,24,238,23,0
HUN,2004,4,24,218,12,258,20,0
HUN,2008,3,16,189,8,216,20,0
HUN,2012,6,12,175,8,201,21,0
HUN,2016,7,12,182,3,204,20,0
HUN,2020,35,9,186,7,237,25,0
HUN,2024,9,9,225,12,255,24,0
INA,1952,0,0,3,0,3,3,0
INA,1956,0,0,24,0,24,6,0
INA,1960,0,0,27,0,27,8,0
INA,1968,0,0,6,0,6,2,0
INA,1972,0,0,7,0,7,5,0
INA,1976,0,0,11,0,11,5,0
INA,1984,0,0,23,0,23,6,0
INA,1988,0,0,40,3,43,11,0
INA,1992,1,2,45,3,51,10,0
INA,1996,3,2,39,1,45,11,0
INA,2000,2,2,46,4,54,12,0
INA,2004,3,1,34,1,39,14,0
INA,2008,3,2,19,2,26,7,0
INA,2012,1,0,20,1,22,8,0
INA,2016,0,2,27,2,31,7,0
INA,2020,3,2,29,1,35,8,0
INA,2024,1,2,33,0,36,12,0
IND,1900,0,0,3,2,5,1,0
IND,1920,0,0,7,0,7,2,0
IND,1924,0,0,24,0,24,2,0
IND,1928,0,14,10,0,24,2,0
IND,1932,0,15,11,0,26,3,0
IND,1936,0,19,11,0,30,4,0
IND,1948,0,20,69,0,89,10,0
IND,1952,1,14,79,0,94,11,0
IND,1956,0,17,62,0,79,8,0
IND,1960,0,0,36,13,49,6,0
IND,1964,0,15,96,0,111,8,0
IND,1968,16,0,11,0,27,5,0
IND,1972,14,0,29,0,43,7,0
IND,1976,0,0,26,0,26,5,0
IND,1980,0,16,62,0,78,8,0
IND,1984,0,0,53,0,53,7,0
IND,1988,0,0,55,0,55,11,0
IND,1992,0,0,61,0,61,12,0
IND,1996,1,0,53,0,54,13,0
IND,2000,1,0,69,0,70,13,0
IND,2004,0,0,80,1,81,14,0
IND,2008,2,1,64,0,67,12,0
IND,2012,4,0,89,2,95,13,0
IND,2016,1,0,128,1,130,15,0
IND,2020,21,1,127,2,151,18,0
IND,2024,21,0,116,1,138,16,0
IOA,1992,2,0,73,1,76,13,0
IOA,2000,0,0,4,0,4,3,0
IOA,2012,0,0,4,0,4,3,0
IOA,2016,1,1,7,0,9,3,0
IRI,1900,0,0,1,0,1,1,0
IRI,1948,1,0,38,0,39,5,0
IRI,1952,4,0,16,3,23,4,0
IRI,1956,1,2,12,2,17,3,0
IRI,1960,3,0,20,1,24,5,0
IRI,1964,2,0,94,0,96,11,0
IRI,1968,2,2,9,1,14,3,0
IRI,1972,1,0,53,2,56,7,0
IRI,1976,1,0,102,1,104,9,0
IRI,1988,0,0,25,1,26,3,0
IRI,1992,2,0,41,1,44,6,0
IRI,1996,1,1,15,1,18,6,0
IRI,2000,1,3,30,0,34,12,0
IRI,2004,2,2,31,2,37,10,0
IRI,2008,1,1,53,0,55,12,0
IRI,2012,3,4,45,5,57,13,0
IRI,2016,4,3,59,1,67,15,0
IRI,2020,2,3,69,2,76,17,0
IRI,2024,3,3,34,6,46,14,0
IRL,1924,1,0,58,1,60,6,0
IRL,1928,0,1,43,0,44,6,0
IRL,1932,0,2,16,0,18,3,0
IRL,1948,1,0,82,0,83,10,0
IRL,1952,0,0,24,1,25,6,0
IRL,1956,3,1,20,1,25,5,0
IRL,1960,0,0,63,0,63,8,0
IRL,1964,1,0,34,0,35,7,0
IRL,1968,0,0,57,0,57,7,0
IRL,1972,0,0,84,0,84,12,0
IRL,1976,0,0,59,0,59,10,0
IRL,1980,1,0,54,2,57,11,0
IRL,1984,0,0,54,1,55,10,0
IRL,1988,0,0,78,0,78,12,0
IRL,1992,0,1,75,1,77,12,0
IRL,1996,1,3,95,0,99,13,0
IRL,2000,0,0,75,1,76,10,0
IRL,2004,0,0,55,0,55,9,0
IRL,2008,2,0,60,1,63,12,0
IRL,2012,3,1,71,1,76,14,0
IRL,2016,0,0,90,3,93,14,0
IRL,2020,5,3,142,0,150,20,0
IRL,2024,3,4,178,0,185,17,0
IRQ,1948,0,0,13,0,13,2,0
IRQ,1960,1,0,27,0,28,5,0
IRQ,1964,0,0,19,0,19,3,0
IRQ,1968,0,0,4,0,4,3,0
IRQ,1980,0,0,44,0,44,5,0
IRQ,1984,0,0,25,0,25,4,0
IRQ,1988,0,0,28,0,28,5,0
IRQ,1992,0,0,8,0,8,3,0
IRQ,1996,0,0,3,0,3,3,0
IRQ,2000,0,0,4,0,4,2,0
IRQ,2004,0,0,24,0,24,7,0
IRQ,2008,0,0,4,0,4,2,0
IRQ,2012,0,0,8,0,8,7,0
IRQ,2016,0,0,20,0,20,5,0
IRQ,2020,0,0,3,0,3,3,0
IRQ,2024,0,0,23,0,23,5,0
ISL,1908,0,0,1,0,1,1,0
ISL,1912,0,0,2,0,2,2,0
ISL,1936,0,0,13,0,13,2,0
ISL,1948,0,0,27,0,27,3,0
ISL,1952,0,0,18,0,18,1,0
ISL,1956,0,0,1,1,2,1,0
ISL,1960,0,0,11,0,11,2,0
ISL,1964,0,0,5,0,5,2,0
ISL,1968,0,0,16,0,16,3,0
ISL,1972,0,0,30,0,30,4,0
ISL,1976,0,0,22,0,22,4,0
ISL,1980,0,0,12,0,12,3,0
ISL,1984,1,0,34,0,35,5,0
ISL,1988,0,0,42,0,42,5,0
ISL,1992,0,0,31,0,31,6,0
ISL,1996,0,0,15,0,15,5,0
ISL,2000,1,0,28,0,29,5,0
ISL,2004,0,0,34,0,34,5,0
ISL,2008,0,0,17,14,31,5,0
ISL,2012,0,0,36,0,36,6,0
ISL,2016,0,0,14,0,14,4,0
ISL,2020,0,0,5,0,5,3,0
ISL,2024,0,0,7,0,7,4,0
ISR,1952,0,0,31,0,31,5,0
ISR,1956,0,0,3,0,3,3,0
ISR,1960,0,0,46,0,46,7,0
ISR,1964,0,0,13,0,13,3,0
ISR,1968,0,0,39,0,39,4,0
ISR,1972,0,0,17,0,17,7,0
ISR,1976,0,0,34,0,34,10,0
ISR,1984,0,0,65,0,65,11,0
ISR,1988,0,0,29,0,29,8,0
ISR,1992,1,0,42,1,44,10,0
ISR,1996,1,0,37,0,38,10,0
ISR,2000,1,0,57,0,58,9,0
ISR,2004,1,1,44,0,46,14,0
ISR,2008,1,0,59,0,60,12,0
ISR,2012,0,0,56,0,56,10,0
ISR,2016,2,0,57,0,59,16,0
ISR,2020,12,2,114,0,128,19,0
ISR,2024,1,1,127,9,138,20,0
ISV,1968,0,0,6,0,6,3,0
ISV,1972,0,0,16,0,16,4,0
ISV,1976,0,0,26,0,26,6,0
ISV,1984,0,0,52,0,52,7,0
ISV,1988,0,0,45,1,46,6,0
ISV,1992,0,0,34,0,34,7,0
ISV,1996,0,0,14,0,14,5,0
ISV,2000,0,0,12,0,12,5,0
ISV,2004,0,0,9,0,9,4,0
ISV,2008,0,0,8,0,8,5,0
ISV,2012,0,0,9,0,9,3,0
ISV,2016,0,0,7,0,7,4,0
ISV,2020,0,0,5,0,5,3,0
ISV,2024,0,0,5,0,5,4,0
ITA,1896,0,0,1,0,1,1,0
ITA,1900,0,3,31,2,36,6,0
ITA,1904,0,0,1,0,1,1,0
ITA,1906,27,21,47,8,103,9,0
ITA,1908,0,2,89,6,97,8,0
ITA,1912,2,22,71,1,96,8,0
ITA,1920,8,67,207,9,291,18,0
ITA,1924,21,25,282,5,333,18,0
ITA,1928,26,24,201,22,273,15,0
ITA,1932,18,21,77,38,154,13,0
ITA,1936,5,37,273,34,349,17,0
ITA,1948,14,21,243,32,310,16,0
ITA,1952,15,17,322,22,376,19,0
ITA,1956,10,26,160,11,207,14,0
ITA,1960,34,36,314,18,402,19,1
ITA,1964,9,14,205,28,256,18,0
ITA,1968,20,5,235,8,268,17,0
ITA,1972,13,9,320,3,345,19,0
ITA,1976,4,2,281,25,312,20,0
ITA,1980,8,8,166,21,203,19,0
ITA,1984,28,29,305,6,368,23,0
ITA,1988,8,11,345,10,374,23,0
ITA,1992,14,21,386,10,431,26,0
ITA,1996,28,19,389,24,460,27,0
ITA,2000,29,22,392,14,457,29,0
ITA,2004,39,24,370,41,474,30,0
ITA,2008,20,8,417,14,459,29,0
ITA,2012,30,16,314,22,382,28,0
ITA,2016,24,8,327,40,399,26,0
ITA,2020,37,22,448,17,524,39,0
ITA,2024,25,31,528,26,610,39,0
IVB,1984,0,0,13,0,13,2,0
IVB,1988,0,0,4,0,4,2,0
IVB,1992,0,0,4,0,4,2,0
IVB,1996,0,0,11,0,11,2,0
IVB,2000,0,0,1,0,1,1,0
IVB,2004,0,0,1,0,1,1,0
IVB,2008,0,0,2,0,2,1,0
IVB,2012,0,0,2,0,2,1,0
IVB,2016,0,0,4,0,4,2,0
IVB,2020,0,0,3,0,3,2,0
IVB,2024,0,0,4,0,4,2,0
JAM,1948,0,1,23,2,26,3,0
JAM,1952,0,5,8,3,16,2,0
JAM,1956,0,0,13,0,13,1,0
JAM,1964,0,0,32,0,32,4,0
JAM,1968,0,0,34,1,35,5,0
JAM,1972,1,0,50,0,51,6,0
JAM,1976,0,1,34,1,36,3,0
JAM,1980,3,0,29,0,32,2,0
JAM,1984,2,0,68,5,75,5,0
JAM,1988,0,0,42,7,49,5,0
JAM,1992,1,0,47,3,51,5,0
JAM,1996,12,1,53,3,69,5,0
JAM,2000,3,0,42,20,65,4,0
JAM,2004,6,6,49,1,62,4,0
JAM,2008,6,5,52,3,66,4,0
JAM,2012,8,8,37,9,62,4,0
JAM,2016,2,11,47,17,77,4,0
JAM,2020,11,9,66,1,87,6,0
JAM,2024,2,1,75,3,81,4,0
JOR,1980,0,0,6,0,6,1,0
JOR,1984,0,0,15,0,15,3,0
JOR,1988,0,0,9,0,9,5,0
JOR,1992,0,0,5,0,5,3,0
JOR,1996,0,0,5,0,5,3,0
JOR,2000,0,0,8,0,8,6,0
JOR,2004,0,0,8,0,8,5,0
JOR,2008,0,0,7,0,7,5,0
JOR,2012,0,0,9,0,9,5,0
JOR,2016,0,1,7,0,8,6,0
JOR,2020,1,0,13,1,15,8,0
JOR,2024,0,0,12,1,13,6,0
JPN,1912,0,0,4,0,4,1,0
JPN,1920,0,0,23,3,26,4,0
JPN,1924,1,0,36,0,37,4,0
JPN,1928,1,2,47,6,56,7,0
JPN,1932,4,10,172,17,203,11,0
JPN,1936,10,9,302,4,325,14,0
JPN,1952,2,1,121,9,133,13,0
JPN,1956,5,4,198,15,222,14,0
JPN,1960,12,9,247,10,278,17,0
JPN,1964,25,32,394,5,456,21,1
JPN,1968,22,16,226,25,289,18,0
JPN,1972,8,29,237,19,293,21,0
JPN,1976,10,25,287,6,328,20,0
JPN,1984,31,10,316,8,365,22,0
JPN,1988,13,4,392,3,412,23,0
JPN,1992,36,3,345,8,392,24,0
JPN,1996,13,3,406,26,448,27,0
JPN,2000,8,5,319,31,363,28,0
JPN,2004,52,21,321,20,414,31,0
JPN,2008,13,23,406,15,457,31,0
JPN,2012,33,7,315,44,399,29,0
JPN,2016,34,17,372,13,436,32,0
JPN,2020,22,68,656,41,787,46,1
JPN,2024,24,27,516,31,598,41,0
KAZ,1996,4,3,131,4,142,14,0
KAZ,2000,0,3,151,4,158,17,0
KAZ,2004,3,1,122,4,130,17,0
KAZ,2008,7,2,133,4,146,19,0
KAZ,2012,5,7,119,1,132,19,0
KAZ,2016,10,3,105,5,123,19,0
KAZ,2020,8,0,108,0,116,25,0
KAZ,2024,4,1,115,3,123,23,0
KEN,1956,0,0,31,0,31,4,0
KEN,1960,0,0,30,0,30,4,0
KEN,1964,1,0,40,0,41,5,0
KEN,1968,2,3,38,7,50,4,0
KEN,1972,4,5,57,3,69,4,0
KEN,1984,2,1,64,0,67,5,0
KEN,1988,2,5,79,2,88,7,0
KEN,1992,2,2,47,4,55,5,0
KEN,1996,3,1,46,4,54,5,0
KEN,2000,2,2,52,3,59,6,0
KEN,2004,2,1,39,4,46,4,0
KEN,2008,5,6,32,4,47,5,0
KEN,2012,5,2,40,4,51,4,0
KEN,2016,1,6,67,6,80,7,0
KEN,2020,2,4,79,4,89,7,0
KEN,2024,5,4,66,2,77,6,0
KGZ,1996,0,0,53,0,53,9,0
KGZ,2000,1,0,70,0,71,9,0
KGZ,2004,0,0,32,0,32,9,0
KGZ,2008,1,0,20,1,22,9,0
KGZ,2012,0,0,15,0,15,8,0
KGZ,2016,0,0,19,0,19,6,0
KGZ,2020,1,0,14,2,17,7,0
KGZ,2024,4,0,11,2,17,5,0
KIR,2004,0,0,3,0,3,2,0
KIR,2008,0,0,2,0,2,2,0
KIR,2012,0,0,3,0,3,2,0
KIR,2016,0,0,3,0,3,2,0
KIR,2020,0,0,3,0,3,3,0
KIR,2024,0,0,3,0,3,3,0
KOR,1948,2,0,46,0,48,7,0
KOR,1952,2,0,20,0,22,6,0
KOR,1956,1,0,34,1,36,7,0
KOR,1960,0,0,49,0,49,9,0
KOR,1964,1,0,237,2,240,17,0
KOR,1968,1,0,64,1,66,11,0
KOR,1972,0,0,42,1,43,8,0
KOR,1976,15,1,34,1,51,5,0
KOR,1984,7,6,199,28,240,19,0
KOR,1988,12,28,474,37,551,27,1
KOR,1992,16,28,273,5,322,24,0
KOR,1996,7,10,351,49,417,25,0
KOR,2000,35,12,286,26,359,26,0
KOR,2004,10,14,292,28,344,25,0
KOR,2008,26,41,251,11,329,27,0
KOR,2012,30,18,251,13,312,25,0
KOR,2016,10,13,237,3,263,26,0
KOR,2020,17,14,300,7,338,31,0
KOR,2024,23,21,190,14,248,23,0
KOS,2016,0,1,7,0,8,5,0
KOS,2020,0,2,9,0,11,6,0
KOS,2024,1,0,7,1,9,4,0
KSA,1972,0,0,14,0,14,1,0
KSA,1976,0,0,19,0,19,1,0
KSA,1984,0,0,42,0,42,5,0
KSA,1988,0,0,13,0,13,3,0
KSA,1992,0,0,17,0,17,5,0
KSA,1996,0,0,34,0,34,5,0
KSA,2000,1,0,21,1,23,5,0
KSA,2004,0,0,16,0,16,6,0
KSA,2008,0,0,18,0,18,4,0
KSA,2012,4,0,19,0,23,5,0
KSA,2016,0,0,11,0,11,5,0
KSA,2020,0,0,32,1,33,9,0
KSA,2024,0,0,11,0,11,4,0
KUW,1968,0,0,2,0,2,1,0
KUW,1972,0,0,4,0,4,2,0
KUW,1976,0,0,21,0,21,4,0
KUW,1980,0,0,67,0,67,7,0
KUW,1984,0,0,31,0,31,5,0
KUW,1988,0,0,34,0,34,7,0
KUW,1992,0,0,37,0,37,7,0
KUW,1996,0,0,27,0,27,9,0
KUW,2000,1,0,29,0,30,6,0
KUW,2004,0,0,11,0,11,3,0
KUW,2008,0,0,8,0,8,5,0
KUW,2012,1,0,11,0,12,4,0
KUW,2020,1,0,9,0,10,5,0
KUW,2024,0,0,9,0,9,6,0
LAO,1980,0,0,19,0,19,3,0
LAO,1988,0,0,3,0,3,2,0
LAO,1992,0,0,7,0,7,2,0
LAO,1996,0,0,5,0,5,1,0
LAO,2000,0,0,3,0,3,2,0
LAO,2004,0,0,5,0,5,3,0
LAO,2008,0,0,4,0,4,2,0
LAO,2012,0,0,3,0,3,2,0
LAO,2016,0,0,5,0,5,4,0
LAO,2020,0,0,4,0,4,3,0
LAO,2024,0,0,4,0,4,3,0
LAT,1924,0,0,47,0,47,6,0
LAT,1928,0,0,24,0,24,6,0
LAT,1932,0,0,12,1,13,2,0
LAT,1936,1,0,31,1,33,6,0
LAT,1992,1,0,37,2,40,13,0
LAT,1996,0,0,54,1,55,12,0
LAT,2000,1,1,57,1,60,13,0
LAT,2004,0,0,41,4,45,11,0
LAT,2008,1,1,50,1,53,11,0
LAT,2012,2,1,47,0,50,12,0
LAT,2016,0,0,33,0,33,12,0
LAT,2020,1,4,33,0,38,15,0
LAT,2024,0,0,32,0,32,14,0
LBA,1968,0,0,1,0,1,1,0
LBA,1980,0,0,38,0,38,5,0
LBA,1988,0,0,7,0,7,3,0
LBA,1992,0,0,5,0,5,4,0
LBA,1996,0,0,5,0,5,2,0
LBA,2000,0,0,3,0,3,3,0
LBA,2004,0,0,8,0,8,5,0
LBA,2008,0,0,6,0,6,4,0
LBA,2012,0,0,4,0,4,3,0
LBA,2016,0,0,7,0,7,6,0
LBA,2020,0,0,4,0,4,4,0
LBA,2024,0,0,6,0,6,5,0
LBN,2020,0,0,6,0,6,5,0
LBN,2024,0,0,11,0,11,7,0
LBR,1956,0,0,11,0,11,1,0
LBR,1960,0,0,6,0,6,1,0
LBR,1964,0,0,2,0,2,1,0
LBR,1972,0,0,5,0,5,1,0
LBR,1984,0,0,10,0,10,1,0
LBR,1988,0,0,11,0,11,2,0
LBR,1996,0,0,7,0,7,1,0
LBR,2000,0,0,10,0,10,1,0
LBR,2004,0,0,2,0,2,1,0
LBR,2008,0,0,4,0,4,1,0
LBR,2012,0,0,3,0,3,1,0
LBR,2016,0,0,3,0,3,1,0
LBR,2020,0,0,4,0,4,1,0
LBR,2024,0,0,10,0,10,1,0
LCA,1996,0,0,8,0,8,2,0
LCA,2000,0,0,5,0,5,2,0
LCA,2004,0,0,2,0,2,2,0
LCA,2008,0,0,4,0,4,2,0
LCA,2012,0,0,4,0,4,3,0
LCA,2016,0,0,5,0,5,3,0
LCA,2020,0,0,5,0,5,3,0
LCA,2024,0,1,3,1,5,3,0
LES,1972,0,0,2,0,2,1,0
LES,1980,0,0,7,0,7,1,0
LES,1984,0,0,5,0,5,2,0
LES,1988,0,0,6,0,6,2,0
LES,1992,0,0,8,0,8,1,0
LES,1996,0,0,11,0,11,1,0
LES,2000,0,0,6,0,6,3,0
LES,2004,0,0,3,0,3,2,0
LES,2008,0,0,5,0,5,2,0
LES,2012,0,0,4,0,4,2,0
LES,2016,0,0,9,0,9,3,0
LES,2020,0,0,2,0,2,1,0
LES,2024,0,0,3,0,3,2,0
LIB,1948,0,0,9,0,9,3,0
LIB,1952,1,0,7,1,9,4,0
LIB,1960,0,0,22,0,22,6,0
LIB,1964,0,0,8,0,8,2,0
LIB,1968,0,0,15,0,15,6,0
LIB,1972,0,0,35,1,36,9,0
LIB,1976,0,0,4,0,4,3,0
LIB,1980,1,0,18,0,19,8,0
LIB,1984,0,0,30,0,30,9,0
LIB,1988,0,0,31,0,31,8,0
LIB,1992,0,0,18,0,18,7,0
LIB,1996,0,0,1,0,1,1,0
LIB,2000,0,0,6,0,6,4,0
LIB,2004,0,0,5,0,5,3,0
LIB,2008,0,0,6,0,6,4,0
LIB,2012,0,0,10,0,10,7,0
LIB,2016,0,0,9,0,9,7,0
LIE,1936,0,0,8,0,8,3,0
LIE,1948,0,0,2,0,2,1,0
LIE,1952,0,0,2,0,2,1,0
LIE,1960,0,0,8,0,8,3,0
LIE,1964,0,0,3,0,3,1,0
LIE,1968,0,0,3,0,3,1,0
LIE,1972,0,0,12,0,12,4,0
LIE,1976,0,0,9,0,9,2,0
LIE,1984,0,0,8,0,8,3,0
LIE,1988,0,0,16,0,16,5,0
LIE,1992,0,0,8,0,8,4,0
LIE,1996,0,0,2,0,2,2,0
LIE,2000,0,0,2,0,2,2,0
LIE,2004,0,0,1,0,1,1,0
LIE,2008,0,0,2,0,2,2,0
LIE,2012,0,0,4,0,4,3,0
LIE,2016,0,0,3,0,3,2,0
LIE,2020,0,0,9,0,9,3,0
LIE,2024,0,0,1,0,1,1,0
LTU,1924,0,0,13,0,13,2,0
LTU,1928,0,0,13,0,13,4,0
LTU,1992,12,1,41,0,54,11,0
LTU,1996,11,0,70,0,81,14,0
LTU,2000,15,2,60,0,77,15,0
LTU,2004,0,1,67,2,70,13,0
LTU,2008,3,0,73,2,78,16,0
LTU,2012,2,2,67,1,72,14,0
LTU,2016,5,0,73,2,80,15,0
LTU,2020,0,0,58,1,59,13,0
LTU,2024,5,0,56,2,63,14,0
LUX,1900,0,1,0,0,1,1,0
LUX,1912,0,0,44,0,44,2,0
LUX,1920,0,0,34,1,35,6,0
LUX,1924,0,1,120,1,122,10,0
LUX,1928,0,1,106,0,107,10,0
LUX,1932,0,0,11,0,11,1,0
LUX,1936,0,0,129,0,129,10,0
LUX,1948,0,0,115,0,115,8,0
LUX,1952,0,1,100,0,101,9,0
LUX,1956,0,0,27,0,27,5,0
LUX,1960,0,0,117,0,117,10,0
LUX,1964,0,0,27,0,27,7,0
LUX,1968,0,0,7,0,7,5,0
LUX,1972,0,0,15,0,15,5,0
LUX,1976,0,0,9,0,9,4,0
LUX,1980,0,0,4,0,4,3,0
LUX,1984,0,0,5,0,5,3,0
LUX,1988,0,0,11,0,11,4,0
LUX,1992,0,0,8,0,8,4,0
LUX,1996,0,0,7,0,7,5,0
LUX,2000,0,0,9,0,9,4,0
LUX,2004,0,0,14,0,14,6,0
LUX,2008,0,0,19,0,19,7,0
LUX,2012,0,0,11,0,11,7,0
LUX,2016,0,0,15,0,15,5,0
LUX,2020,0,0,14,0,14,7,0
LUX,2024,0,0,13,0,13,7,0
MAD,1964,0,0,4,0,4,1,0
MAD,1968,0,0,6,0,6,2,0
MAD,1972,0,0,13,0,13,2,0
MAD,1980,0,0,18,0,18,4,0
MAD,1984,0,0,5,0,5,2,0
MAD,1992,0,0,17,0,17,6,0
MAD,1996,0,0,14,0,14,4,0
MAD,2000,0,0,13,0,13,4,0
MAD,2004,0,0,8,0,8,5,0
MAD,2008,0,0,6,0,6,4,0
MAD,2012,0,0,7,0,7,5,0
MAD,2016,0,0,6,0,6,4,0
MAD,2020,0,0,6,0,6,4,0
MAD,2024,0,0,7,0,7,5,0
MAL,1956,0,0,34,0,34,5,0
MAL,1960,0,0,11,0,11,4,0
MAR,1960,0,0,110,1,111,10,0
MAR,1964,0,0,21,0,21,4,0
MAR,1968,0,0,25,0,25,4,0
MAR,1972,0,0,39,0,39,5,0
MAR,1976,0,0,9,0,9,2,0
MAR,1984,0,2,33,0,35,6,0
MAR,1988,2,1,26,0,29,4,0
MAR,1992,1,1,42,1,45,7,0
MAR,1996,2,0,36,0,38,7,0
MAR,2000,4,0,50,1,55,9,0
MAR,2004,0,2,54,1,57,9,0
MAR,2008,1,0,47,1,49,7,0
MAR,2012,1,0,66,0,67,12,0
MAR,2016,1,0,51,0,52,13,0
MAR,2020,0,1,50,0,51,18,0
MAR,2024,19,1,43,0,63,21,0
MAS,1964,0,0,81,0,81,10,0
MAS,1968,0,0,35,0,35,4,0
MAS,1972,0,0,57,0,57,6,0
MAS,1976,0,0,25,0,25,5,0
MAS,1984,0,0,27,0,27,5,0
MAS,1988,0,0,17,0,17,5,0
MAS,1992,2,0,28,0,30,6,0
MAS,1996,1,0,40,2,43,8,0
MAS,2000,0,0,55,0,55,9,0
MAS,2004,0,0,38,0,38,11,0
MAS,2008,0,0,41,1,42,10,0
MAS,2012,1,0,36,1,38,9,0
MAS,2016,1,0,34,7,42,10,0
MAS,2020,2,0,44,1,47,10,0
MAS,2024,3,0,29,0,32,11,0
MAW,1972,0,0,18,0,18,3,0
MAW,1984,0,0,23,0,23,3,0
MAW,1988,0,0,22,0,22,3,0
MAW,1992,0,0,4,0,4,1,0
MAW,1996,0,0,2,0,2,1,0
MAW,2000,0,0,2,0,2,1,0
MAW,2004,0,0,4,0,4,2,0
MAW,2008,0,0,4,0,4,2,0
MAW,2012,0,0,3,0,3,2,0
MAW,2016,0,0,5,0,5,3,0
MAW,2020,0,0,5,0,5,4,0
MAW,2024,0,0,3,0,3,2,0
MDA,1996,1,0,47,2,50,10,0
MDA,2000,1,0,33,1,35,7,0
MDA,2004,0,0,33,0,33,8,0
MDA,2008,1,0,29,0,30,8,0
MDA,2012,2,0,18,0,20,9,0
MDA,2016,0,0,23,0,23,9,0
MDA,2020,1,0,25,0,26,8,0
MDA,2024,3,0,26,1,30,10,0
MDV,1988,0,0,9,0,9,1,0
MDV,1992,0,0,10,0,10,2,0
MDV,1996,0,0,9,0,9,2,0
MDV,2000,0,0,4,0,4,2,0
MDV,2004,0,0,4,0,4,2,0
MDV,2008,0,0,4,0,4,2,0
MDV,2012,0,0,5,0,5,3,0
MDV,2016,0,0,4,0,4,2,0
MDV,2020,0,0,4,0,4,3,0
MDV,2024,0,0,5,0,5,4,0
MEX,1900,3,0,0,0,3,1,0
MEX,1924,0,0,28,0,28,3,0
MEX,1928,0,0,55,0,55,6,0
MEX,1932,0,0,98,2,100,12,0
MEX,1936,16,0,16,0,32,8,0
MEX,1948,4,4,140,1,149,14,0
MEX,1952,0,0,84,1,85,13,0
MEX,1956,1,1,34,0,36,10,0
MEX,1960,1,0,109,0,110,14,0
MEX,1964,1,0,127,0,128,15,0
MEX,1968,3,3,437,3,446,20,1
MEX,1972,0,0,280,1,281,20,0
MEX,1976,1,1,135,0,137,17,0
MEX,1980,9,0,64,1,74,12,0
MEX,1984,1,2,149,3,155,18,0
MEX,1988,2,0,142,0,144,17,0
MEX,1992,0,0,139,1,140,18,0
MEX,1996,1,0,110,0,111,19,0
MEX,2000,3,1,92,2,98,19,0
MEX,2004,1,0,133,3,137,20,0
MEX,2008,2,2,99,0,103,23,0
MEX,2012,3,16,95,5,119,23,0
MEX,2016,2,0,134,3,139,27,0
MEX,2020,27,0,169,0,196,31,0
MEX,2024,4,0,147,4,155,29,0
MGL,1964,0,0,40,0,40,5,0
MGL,1968,3,0,34,1,38,4,0
MGL,1972,0,0,43,1,44,7,0
MGL,1976,0,0,32,1,33,5,0
MGL,1980,2,0,53,2,57,8,0
MGL,1988,1,0,31,0,32,5,0
MGL,1992,2,0,36,0,38,8,0
MGL,1996,1,0,17,0,18,7,0
MGL,2000,0,0,23,0,23,6,0
MGL,2004,1,0,20,0,21,7,0
MGL,2008,0,2,27,2,31,7,0
MGL,2012,3,0,27,2,32,7,0
MGL,2016,1,0,44,1,46,9,0
MGL,2020,3,0,57,1,61,10,0
MGL,2024,0,0,47,1,48,9,0
MHL,2008,0,0,5,0,5,3,0
MHL,2012,0,0,4,0,4,2,0
MHL,2016,0,0,5,0,5,3,0
MHL,2020,0,0,2,0,2,1,0
MHL,2024,0,0,4,0,4,3,0
MKD,1996,0,0,16,0,16,4,0
MKD,2000,1,0,14,0,15,5,0
MKD,2004,0,0,14,0,14,5,0
MKD,2008,0,0,7,0,7,5,0
MKD,2012,0,0,4,0,4,2,0
MKD,2016,0,0,6,0,6,4,0
MKD,2020,0,0,7,1,8,7,0
MKD,2024,0,0,6,0,6,6,0
MLI,1964,0,0,2,0,2,1,0
MLI,1968,0,0,2,0,2,2,0
MLI,1972,0,0,3,0,3,2,0
MLI,1980,0,0,7,0,7,3,0
MLI,1984,0,0,5,0,5,3,0
MLI,1988,0,0,8,0,8,3,0
MLI,1992,0,0,6,0,6,2,0
MLI,1996,0,0,4,0,4,1,0
MLI,2000,0,0,5,0,5,3,0
MLI,2004,0,0,21,0,21,4,0
MLI,2008,0,0,17,0,17,4,0
MLI,2012,0,0,6,0,6,4,0
MLI,2016,0,0,6,0,6,4,0
MLI,2020,0,0,4,0,4,3,0
MLI,2024,0,0,24,0,24,5,0
MLT,1928,0,0,9,0,9,1,0
MLT,1936,0,0,11,0,11,2,0
MLT,1948,0,0,1,0,1,1,0
MLT,1960,0,0,13,0,13,4,0
MLT,1968,0,0,1,0,1,1,0
MLT,1972,0,0,5,0,5,2,0
MLT,1980,0,0,12,0,12,3,0
MLT,1984,0,0,7,0,7,5,0
MLT,1988,0,0,6,0,6,4,0
MLT,1992,0,0,8,0,8,4,0
MLT,1996,0,0,10,0,10,5,0
MLT,2000,0,0,7,0,7,5,0
MLT,2004,0,0,7,0,7,5,0
MLT,2008,0,0,6,0,6,4,0
MLT,2012,0,0,5,0,5,3,0
MLT,2016,0,0,8,0,8,4,0
MLT,2020,0,0,8,0,8,5,0
MLT,2024,0,0,5,0,5,4,0
MNE,2008,0,0,20,0,20,6,0
MNE,2012,0,0,20,14,34,7,0
MNE,2016,0,0,35,0,35,7,0
MNE,2020,0,0,35,0,35,7,0
MNE,2024,0,0,19,0,19,6,0
MON,1920,0,0,7,0,7,2,0
MON,1924,1,0,8,0,9,4,0
MON,1928,0,0,12,0,12,4,0
MON,1932,0,0,1,0,1,1,0
MON,1936,0,0,11,0,11,2,0
MON,1948,0,0,4,0,4,1,0
MON,1952,0,0,10,0,10,2,0
MON,1960,0,0,13,0,13,3,0
MON,1964,0,0,1,0,1,1,0
MON,1968,0,0,2,0,2,1,0
MON,1972,0,0,5,0,5,2,0
MON,1976,0,0,10,0,10,3,0
MON,1984,0,0,8,0,8,5,0
MON,1988,0,0,9,0,9,7,0
MON,1992,0,0,4,0,4,2,0
MON,1996,0,0,4,0,4,3,0
MON,2000,0,0,4,0,4,4,0
MON,2004,0,0,3,0,3,3,0
MON,2008,0,0,5,0,5,5,0
MON,2012,0,0,6,0,6,6,0
MON,2016,0,0,8,0,8,3,0
MON,2020,0,0,6,0,6,5,0
MON,2024,0,0,6,0,6,6,0
MOZ,1980,0,0,16,0,16,2,0
MOZ,1984,0,0,14,0,14,2,0
MOZ,1988,0,0,12,0,12,3,0
MOZ,1992,0,0,7,0,7,2,0
MOZ,1996,1,0,2,0,3,3,0
MOZ,2000,0,1,3,0,4,2,0
MOZ,2004,0,0,4,0,4,2,0
MOZ,2008,0,0,4,0,4,3,0
MOZ,2012,0,0,6,0,6,4,0
MOZ,2016,0,0,8,0,8,4,0
MOZ,2020,0,0,10,0,10,6,0
MOZ,2024,0,0,7,0,7,5,0
MRI,1984,0,0,7,0,7,1,0
MRI,1988,0,0,11,0,11,5,0
MRI,1992,0,0,22,0,22,4,0
MRI,1996,0,0,36,0,36,6,0
MRI,2000,0,0,26,0,26,8,0
MRI,2004,0,0,9,0,9,5,0
MRI,2008,1,0,10,0,11,7,0
MRI,2012,0,0,11,0,11,7,0
MRI,2016,0,0,11,0,11,7,0
MRI,2020,0,0,8,0,8,6,0
MRI,2024,0,0,12,0,12,7,0
MTN,1984,0,0,2,0,2,1,0
MTN,1988,0,0,7,0,7,2,0
MTN,1992,0,0,6,0,6,1,0
MTN,1996,0,0,4,0,4,1,0
MTN,2000,0,0,2,0,2,1,0
MTN,2004,0,0,2,0,2,1,0
MTN,2008,0,0,2,0,2,1,0
MTN,2012,0,0,2,0,2,1,0
MTN,2016,0,0,2,0,2,1,0
MTN,2020,0,0,2,0,2,1,0
MTN,2024,0,0,2,0,2,2,0
MYA,1948,0,0,5,0,5,3,0
MYA,1952,0,0,5,0,5,2,0
MYA,1956,0,0,12,0,12,4,0
MYA,1960,0,0,10,0,10,5,0
MYA,1964,0,0,12,0,12,5,0
MYA,1968,0,0,4,0,4,2,0
MYA,1972,0,0,19,0,19,4,0
MYA,1980,0,0,2,0,2,2,0
MYA,1984,0,0,1,0,1,1,0
MYA,1988,0,0,3,0,3,1,0
MYA,1992,0,0,5,0,5,2,0
MYA,1996,0,0,3,0,3,2,0
MYA,2000,0,0,7,0,7,4,0
MYA,2004,0,0,2,0,2,2,0
MYA,2008,0,0,7,0,7,5,0
MYA,2012,0,0,6,0,6,5,0
MYA,2016,0,0,8,0,8,5,0
MYA,2020,0,0,2,0,2,2,0
MYA,2024,0,0,2,0,2,2,0
NAM,1992,0,0,8,2,10,3,0
NAM,1996,0,0,8,2,10,4,0
NAM,2000,0,0,16,0,16,6,0
NAM,2004,0,0,10,0,10,5,0
NAM,2008,0,0,11,0,11,4,0
NAM,2012,0,0,9,0,9,5,0
NAM,2016,0,0,11,0,11,4,0
NAM,2020,0,0,10,1,11,6,0
NAM,2024,0,0,4,0,4,4,0
NBO,1956,0,0,2,0,2,1,0
NCA,1968,0,0,16,0,16,3,0
NCA,1972,0,0,10,0,10,3,0
NCA,1976,0,0,25,0,25,6,0
NCA,1980,0,0,6,0,6,3,0
NCA,1984,0,0,5,0,5,2,0
NCA,1992,0,0,9,0,9,6,0
NCA,1996,0,0,28,0,28,5,0
NCA,2000,0,0,6,0,6,5,0
NCA,2004,0,0,6,0,6,3,0
NCA,2008,0,0,7,0,7,4,0
NCA,2012,0,0,6,0,6,4,0
NCA,2016,0,0,5,0,5,4,0
NCA,2020,0,0,8,0,8,6,0
NCA,2024,0,0,7,0,7,6,0
NED,1900,16,3,46,8,73,7,0
NED,1906,5,0,43,1,49,2,0
NED,1908,16,0,202,0,218,11,0
NED,1912,26,0,19,0,45,7,0
NED,1920,25,15,163,10,213,15,0
NED,1924,18,8,219,1,246,17,0
NED,1928,8,20,327,29,384,17,0
NED,1932,1,2,67,10,80,9,0
NED,1936,21,9,190,7,227,15,0
NED,1948,32,8,145,2,187,18,0
NED,1952,0,0,162,18,180,14,0
NED,1956,0,0,1,0,1,1,0
NED,1960,2,0,157,1,160,13,0
NED,1964,16,5,127,10,158,12,0
NED,1968,1,6,126,7,140,11,0
NED,1972,2,3,193,1,199,16,0
NED,1976,12,0,161,2,175,11,0
NED,1980,5,0,106,1,112,10,0
NED,1984,14,20,144,7,185,15,0
NED,1988,36,3,157,6,202,17,0
NED,1992,8,5,224,20,257,20,0
NED,1996,26,38,217,9,290,19,0
NED,2000,23,27,206,29,285,21,0
NED,2004,22,4,187,51,264,22,0
NED,2008,4,39,222,18,283,20,0
NED,2012,19,21,153,29,222,19,0
NED,2016,13,9,282,25,329,23,0
NED,2020,17,33,319,22,391,31,0
NED,2024,26,67,331,25,449,32,0
NEP,1964,0,0,6,0,6,2,0
NEP,1972,0,0,2,0,2,1,0
NEP,1976,0,0,1,0,1,1,0
NEP,1980,0,0,10,0,10,3,0
NEP,1984,0,0,10,0,10,3,0
NEP,1988,0,0,20,0,20,5,0
NEP,1992,0,0,2,0,2,2,0
NEP,1996,0,0,6,0,6,4,0
NEP,2000,0,0,5,0,5,3,0
NEP,2004,0,0,6,0,6,4,0
NEP,2008,0,0,8,0,8,6,0
NEP,2012,0,0,5,0,5,3,0
NEP,2016,0,0,7,0,7,5,0
NEP,2020,0,0,5,0,5,4,0
NEP,2024,0,0,7,0,7,6,0
NFL,1904,0,0,1,0,1,1,0
NGR,1952,0,0,15,0,15,1,0
NGR,1956,0,0,14,0,14,1,0
NGR,1960,0,0,15,0,15,2,0
NGR,1964,1,0,18,0,19,2,0
NGR,1968,0,0,46,0,46,3,0
NGR,1972,1,0,35,0,36,2,0
NGR,1980,0,0,56,0,56,5,0
NGR,1984,4,0,31,1,36,4,0
NGR,1988,0,0,86,0,86,8,0
NGR,1992,4,0,61,7,72,8,0
NGR,1996,3,17,60,4,84,9,0
NGR,2000,0,6,92,2,100,8,0
NGR,2004,8,0,71,0,79,10,0
NGR,2008,7,0,66,16,89,10,0
NGR,2012,0,0,58,0,58,8,0
NGR,2016,18,0,59,0,77,10,0
NGR,2020,1,0,66,1,68,10,0
NGR,2024,0,0,103,0,103,12,0
NIG,1964,0,0,1,0,1,1,0
NIG,1968,0,0,2,0,2,1,0
NIG,1972,1,0,3,0,4,1,0
NIG,1984,0,0,4,0,4,2,0
NIG,1988,0,0,6,0,6,2,0
NIG,1992,0,0,3,0,3,1,0
NIG,1996,0,0,3,0,3,1,0
NIG,2000,0,0,4,0,4,2,0
NIG,2004,0,0,4,0,4,3,0
NIG,2008,0,0,4,0,4,2,0
NIG,2012,0,0,6,0,6,5,0
NIG,2016,0,0,5,1,6,4,0
NIG,2020,0,0,7,0,7,4,0
NIG,2024,0,0,7,0,7,5,0
NOR,1900,3,0,20,6,29,2,0
NOR,1904,0,2,4,0,6,2,0
NOR,1906,0,20,30,5,55,3,0
NOR,1908,3,7,61,32,103,7,0
NOR,1912,34,40,183,6,263,14,0
NOR,1920,27,58,130,52,267,16,0
NOR,1924,3,14,83,5,105,10,0
NOR,1928,1,4,70,4,79,9,0
NOR,1932,0,0,8,0,8,4,0
NOR,1936,15,1,56,12,84,12,0
NOR,1948,11,3,79,4,97,12,0
NOR,1952,0,5,177,8,190,14,0
NOR,1956,2,1,26,0,29,6,0
NOR,1960,0,2,48,0,50,11,0
NOR,1964,0,0,43,0,43,6,0
NOR,1968,0,4,80,2,86,11,0
NOR,1972,4,2,153,2,161,15,0
NOR,1976,0,2,73,4,79,11,0
NOR,1984,3,0,128,1,132,17,0
NOR,1988,0,2,57,20,79,11,0
NOR,1992,1,2,91,20,114,17,0
NOR,1996,18,2,93,3,116,16,0
NOR,2000,19,20,72,4,115,15,0
NOR,2004,2,5,53,0,60,12,0
NOR,2008,1,16,80,5,102,15,0
NOR,2012,1,15,52,1,69,15,0
NOR,2016,19,0,58,0,77,13,0
NOR,2020,16,5,89,2,112,18,0
NOR,2024,4,18,105,1,128,21,0
NRU,1996,0,0,3,0,3,1,0
NRU,2000,0,0,2,0,2,1,0
NRU,2004,0,0,3,0,3,1,0
NRU,2008,0,0,1,0,1,1,0
NRU,2012,0,0,2,0,2,2,0
NRU,2016,0,0,2,0,2,2,0
NRU,2020,0,0,2,0,2,2,0
NRU,2024,0,0,1,0,1,1,0
NZL,1900,0,1,0,0,1,1,0
NZL,1920,1,0,5,0,6,3,0
NZL,1924,1,0,5,0,6,3,0
NZL,1928,0,1,12,0,13,3,0
NZL,1932,0,0,27,2,29,4,0
NZL,1936,0,1,8,0,9,3,0
NZL,1948,0,0,8,0,8,5,0
NZL,1952,2,1,17,0,20,5,0
NZL,1956,0,3,54,0,57,9,0
NZL,1960,1,2,44,0,47,9,0
NZL,1964,2,4,82,0,88,11,0
NZL,1968,2,5,58,0,65,8,0
NZL,1972,1,9,98,4,112,14,0
NZL,1976,9,15,73,1,98,13,0
NZL,1980,0,0,7,0,7,2,0
NZL,1984,6,16,139,1,162,18,0
NZL,1988,16,4,88,4,112,16,0
NZL,1992,5,1,160,9,175,17,0
NZL,1996,4,3,120,2,129,15,0
NZL,2000,3,1,173,0,177,18,0
NZL,2004,0,4,178,2,184,18,0
NZL,2008,9,4,186,2,201,17,0
NZL,2012,15,9,177,3,204,16,0
NZL,2016,5,6,196,25,232,20,0
NZL,2020,8,29,214,28,279,26,0
NZL,2024,7,26,202,18,253,27,0
OMA,1984,0,0,22,0,22,3,0
OMA,1988,0,0,13,0,13,3,0
OMA,1992,0,0,5,0,5,2,0
OMA,1996,0,0,5,0,5,4,0
OMA,2000,0,0,8,0,8,3,0
OMA,2004,0,0,2,0,2,2,0
OMA,2008,0,0,4,0,4,3,0
OMA,2012,0,0,3,0,3,2,0
OMA,2016,0,0,4,0,4,2,0
OMA,2020,0,0,5,0,5,4,0
OMA,2024,0,0,4,0,4,3,0
PAK,1948,0,0,44,0,44,6,0
PAK,1952,0,0,51,0,51,7,0
PAK,1956,0,0,65,14,79,8,0
PAK,1960,1,13,39,0,53,7,0
PAK,1964,0,0,31,16,47,7,0
PAK,1968,0,13,2,0,15,2,0
PAK,1972,0,0,11,15,26,5,0
PAK,1976,16,0,8,0,24,5,0
PAK,1984,0,16,17,0,33,5,0
PAK,1988,1,0,32,0,33,6,0
PAK,1992,16,0,12,0,28,5,0
PAK,1996,0,0,24,0,24,5,0
PAK,2000,0,0,27,0,27,6,0
PAK,2004,0,0,26,0,26,5,0
PAK,2008,0,0,22,0,22,4,0
PAK,2012,0,0,21,0,21,4,0
PAK,2016,0,0,7,0,7,4,0
PAK,2020,0,0,10,0,10,6,0
PAK,2024,0,1,9,0,10,3,0
PAN,1928,0,0,2,0,2,1,0
PAN,1948,2,0,0,0,2,1,0
PAN,1952,0,0,1,0,1,1,0
PAN,1960,0,0,8,0,8,3,0
PAN,1964,0,0,15,0,15,5,0
PAN,1968,0,0,16,0,16,3,0
PAN,1972,0,0,8,0,8,4,0
PAN,1976,0,0,13,0,13,5,0
PAN,1984,0,0,10,0,10,5,0
PAN,1988,0,0,9,0,9,3,0
PAN,1992,0,0,7,0,7,4,0
PAN,1996,0,0,9,0,9,6,0
PAN,2000,0,0,7,0,7,5,0
PAN,2004,0,0,5,0,5,2,0
PAN,2008,0,1,4,0,5,3,0
PAN,2012,0,0,8,0,8,5,0
PAN,2016,0,0,14,0,14,7,0
PAN,2020,0,0,11,0,11,5,0
PAN,2024,0,0,12,1,13,6,0
PAR,1968,0,0,1,0,1,1,0
PAR,1972,0,0,3,0,3,2,0
PAR,1976,0,0,6,0,6,4,0
PAR,1984,0,0,18,0,18,4,0
PAR,1988,0,0,13,0,13,5,0
PAR,1992,0,0,31,0,31,6,0
PAR,1996,0,0,7,0,7,5,0
PAR,2000,0,0,5,0,5,3,0
PAR,2004,0,0,5,17,22,4,0
PAR,2008,0,0,7,0,7,5,0
PAR,2012,0,0,10,0,10,6,0
PAR,2016,0,0,11,0,11,7,0
PAR,2020,0,0,9,0,9,6,0
PAR,2024,0,0,29,0,29,7,0
PER,1900,0,0,2,0,2,1,0
PER,1932,0,0,3,0,3,1,0
PER,1936,0,0,46,0,46,8,0
PER,1948,0,1,48,0,49,7,0
PER,1956,0,0,10,0,10,1,0
PER,1960,0,0,33,0,33,3,0
PER,1964,0,0,40,0,40,5,0
PER,1968,0,0,33,0,33,8,0
PER,1972,0,0,31,0,31,7,0
PER,1976,0,0,14,0,14,2,0
PER,1980,0,0,38,0,38,5,0
PER,1984,0,0,43,1,44,10,0
PER,1988,0,0,14,12,26,7,0
PER,1992,0,0,20,1,21,9,0
PER,1996,0,0,33,0,33,8,0
PER,2000,0,0,22,0,22,7,0
PER,2004,0,0,14,0,14,10,0
PER,2008,0,0,13,0,13,10,0
PER,2012,0,0,16,0,16,9,0
PER,2016,0,0,34,0,34,11,0
PER,2020,0,0,42,0,42,17,0
PER,2024,1,0,31,0,32,10,0
PHI,1924,0,0,2,0,2,1,0
PHI,1928,1,0,5,0,6,2,0
PHI,1932,3,0,5,0,8,3,0
PHI,1936,1,0,39,0,40,6,0
PHI,1948,0,0,31,0,31,8,0
PHI,1952,0,0,28,0,28,7,0
PHI,1956,0,0,48,0,48,7,0
PHI,1960,0,0,49,0,49,7,0
PHI,1964,0,0,69,1,70,10,0
PHI,1968,0,0,89,0,89,10,0
PHI,1972,0,0,79,0,79,11,0
PHI,1976,0,0,22,0,22,6,0
PHI,1984,0,0,32,0,32,6,0
PHI,1988,1,0,41,0,42,11,0
PHI,1992,1,0,37,0,38,9,0
PHI,1996,0,0,17,1,18,6,0
PHI,2000,0,0,22,0,22,9,0
PHI,2004,0,0,21,0,21,6,0
PHI,2008,0,0,17,0,17,8,0
PHI,2012,0,0,11,0,11,8,0
PHI,2016,0,0,12,1,13,8,0
PHI,2020,1,1,23,2,27,11,0
PHI,2024,2,2,40,0,44,9,0
PLE,1996,0,0,1,0,1,1,0
PLE,2000,0,0,2,0,2,2,0
PLE,2004,0,0,3,0,3,2,0
PLE,2008,0,0,4,0,4,2,0
PLE,2012,0,0,5,0,5,3,0
PLE,2016,0,0,6,0,6,4,0
PLE,2020,0,0,5,0,5,4,0
PLE,2024,0,0,8,0,8,6,0
PLW,2000,0,0,5,0,5,3,0
PLW,2004,0,0,4,0,4,3,0
PLW,2008,0,0,5,0,5,3,0
PLW,2012,0,0,5,0,5,4,0
PLW,2016,0,0,6,0,6,4,0
PLW,2020,0,0,3,0,3,2,0
PLW,2024,0,0,3,0,3,2,0
PNG,1976,0,0,9,0,9,3,0
PNG,1984,0,0,12,0,12,2,0
PNG,1988,0,0,15,0,15,4,0
PNG,1992,0,0,19,0,19,4,0
PNG,1996,0,0,17,0,17,3,0
PNG,2000,0,0,5,0,5,3,0
PNG,2004,0,0,6,0,6,3,0
PNG,2008,0,0,9,0,9,5,0
PNG,2012,0,0,8,0,8,5,0
PNG,2016,0,0,8,0,8,6,0
PNG,2020,0,0,8,0,8,5,0
PNG,2024,0,0,7,0,7,5,0
POL,1912,0,0,1,0,1,1,0
POL,1924,1,0,95,4,100,10,0
POL,1928,15,2,126,3,146,11,0
POL,1932,14,3,50,4,71,4,0
POL,1936,6,0,165,6,177,15,0
POL,1948,1,1,50,0,52,5,0
POL,1952,1,1,244,2,248,11,0
POL,1956,9,1,99,9,118,9,0
POL,1960,15,4,277,11,307,17,0
POL,1964,23,10,194,13,240,12,0
POL,1968,30,5,259,2,296,16,0
POL,1972,11,27,372,8,418,22,0
POL,1976,26,18,213,29,286,18,0
POL,1980,22,3,368,25,418,21,0
POL,1988,10,2,171,9,192,19,0
POL,1992,19,5,217,22,263,21,0
POL,1996,7,7,185,8,207,20,0
POL,2000,7,7,216,10,240,20,0
POL,2004,6,4,212,2,224,21,0
POL,2008,1,6,296,13,316,23,0
POL,2012,8,2,244,2,256,24,0
POL,2016,10,3,273,3,289,24,0
POL,2020,8,14,246,14,282,28,0
POL,2024,11,1,284,16,312,28,0
POR,1912,0,0,8,0,8,3,0
POR,1920,0,0,40,0,40,2,0
POR,1924,4,0,43,0,47,8,0
POR,1928,6,0,33,0,39,8,0
POR,1932,0,0,8,0,8,3,0
POR,1936,3,0,23,0,26,5,0
POR,1948,3,0,60,2,65,8,0
POR,1952,2,0,153,0,155,10,0
POR,1956,0,0,18,0,18,2,0
POR,1960,0,0,107,2,109,11,0
POR,1964,0,0,25,0,25,7,0
POR,1968,0,0,33,0,33,6,0
POR,1972,0,0,41,0,41,8,0
POR,1976,0,0,34,2,36,6,0
POR,1980,0,0,18,0,18,6,0
POR,1984,2,1,45,0,48,11,0
POR,1988,0,1,90,0,91,14,0
POR,1992,0,0,115,0,115,14,0
POR,1996,2,1,128,0,131,18,0
POR,2000,2,0,62,0,64,13,0
POR,2004,1,0,90,2,93,16,0
POR,2008,0,1,85,1,87,16,0
POR,2012,0,0,96,2,98,14,0
POR,2016,1,0,105,0,106,17,0
POR,2020,2,1,109,1,113,22,0
POR,2024,1,2,90,2,95,19,0
PRK,1972,13,1,68,1,83,10,0
PRK,1976,0,1,38,1,40,8,0
PRK,1980,2,0,116,3,121,8,0
PRK,1992,6,4,113,0,123,12,0
PRK,1996,2,2,31,1,36,9,0
PRK,2000,3,0,43,1,47,10,0
PRK,2004,1,0,66,4,71,9,0
PRK,2008,3,2,60,1,66,12,0
PRK,2012,2,4,51,0,57,11,0
PRK,2016,2,2,31,3,38,9,0
PRK,2024,4,0,10,4,18,7,0
PUR,1948,1,0,8,0,9,3,0
PUR,1952,0,0,23,0,23,4,0
PUR,1956,0,0,14,0,14,2,0
PUR,1960,0,0,29,0,29,6,0
PUR,1964,0,0,45,0,45,8,0
PUR,1968,0,0,99,0,99,10,0
PUR,1972,0,0,60,0,60,10,0
PUR,1976,1,0,111,0,112,12,0
PUR,1980,0,0,3,0,3,1,0
PUR,1984,1,0,56,1,58,13,0
PUR,1988,0,0,56,0,56,12,0
PUR,1992,1,0,100,0,101,12,0
PUR,1996,1,0,90,0,91,16,0
PUR,2000,0,0,38,0,38,10,0
PUR,2004,0,0,52,0,52,15,0
PUR,2008,0,0,31,0,31,8,0
PUR,2012,1,0,26,1,28,8,0
PUR,2016,0,1,40,0,41,15,0
PUR,2020,0,1,38,0,39,15,0
PUR,2024,2,0,51,0,53,13,0
QAT,1984,0,0,26,0,26,3,0
QAT,1988,0,0,13,0,13,3,0
QAT,1992,1,0,29,0,30,2,0
QAT,1996,0,0,13,0,13,4,0
QAT,2000,1,0,18,0,19,5,0
QAT,2004,0,0,15,0,15,4,0
QAT,2008,0,0,20,0,20,6,0
QAT,2012,2,0,12,0,14,4,0
QAT,2016,0,0,41,1,42,10,0
QAT,2020,2,2,13,0,17,7,0
QAT,2024,1,0,12,0,13,5,0
RHO,1960,0,0,12,0,12,5,0
ROC,2020,28,41,412,80,561,38,0
ROT,2016,0,0,12,0,12,3,0
ROU,1900,0,0,1,0,1,1,0
ROU,1924,16,0,29,0,45,4,0
ROU,1928,0,0,33,0,33,2,0
ROU,1932,0,0,2,0,2,1,0
ROU,1936,0,0,117,1,118,9,0
ROU,1952,2,1,237,1,241,15,0
ROU,1956,10,6,84,3,103,11,0
ROU,1960,11,3,141,1,156,13,0
ROU,1964,10,2,216,4,232,13,0
ROU,1968,9,5,77,9,100,9,0
ROU,1972,27,3,218,10,258,16,0
ROU,1976,23,4,200,28,255,11,0
ROU,1980,46,7,271,15,339,20,0
ROU,1984,35,40,87,31,193,13,0
ROU,1988,16,8,114,34,172,10,0
ROU,1992,14,8,253,31,306,18,0
ROU,1996,15,13,246,10,284,18,0
ROU,2000,13,27,206,6,252,16,0
ROU,2004,11,23,154,5,193,16,0
ROU,2008,16,5,150,1,172,16,0
ROU,2012,6,2,139,8,155,15,0
ROU,2016,10,4,105,2,121,15,0
ROU,2020,0,2,110,7,119,18,0
ROU,2024,2,12,123,7,144,18,0
RSA,1904,0,0,8,0,8,2,0
RSA,1908,0,1,31,1,33,4,0
RSA,1912,0,5,49,2,56,6,0
RSA,1920,6,3,76,12,97,7,0
RSA,1924,1,1,41,1,44,7,0
RSA,1928,5,1,34,0,40,7,0
RSA,1932,3,2,15,0,20,4,0
RSA,1936,0,0,53,1,54,6,0
RSA,1948,2,2,37,2,43,10,0
RSA,1952,4,2,95,8,109,13,0
RSA,1956,7,0,83,0,90,10,0
RSA,1960,2,0,69,1,72,12,0
RSA,1992,0,0,138,3,141,19,0
RSA,1996,1,3,106,1,111,14,0
RSA,2000,3,0,156,2,161,17,0
RSA,2004,3,4,118,3,128,20,0
RSA,2008,0,0,178,1,179,20,0
RSA,2012,1,6,136,2,145,17,0
RSA,2016,14,2,132,7,155,15,0
RSA,2020,0,1,208,2,211,23,0
RSA,2024,14,1,140,6,161,24,0
RUS,1900,0,0,5,0,5,2,0
RUS,1908,0,1,4,2,7,3,0
RUS,1912,9,0,252,5,266,15,0
RUS,1924,0,0,3,0,3,1,0
RUS,1996,34,36,437,45,552,25,0
RUS,2000,54,66,415,67,602,30,0
RUS,2004,95,48,404,46,593,29,0
RUS,2008,53,43,458,46,600,29,0
RUS,2012,51,50,409,39,549,30,0
RUS,2016,35,52,291,28,406,29,0
RWA,1984,0,0,6,0,6,1,0
RWA,1988,0,0,8,0,8,1,0
RWA,1992,0,0,10,0,10,2,0
RWA,1996,0,0,4,0,4,1,0
RWA,2000,0,0,5,0,5,2,0
RWA,2004,0,0,5,0,5,2,0
RWA,2008,0,0,4,0,4,2,0
RWA,2012,0,0,7,0,7,4,0
RWA,2016,0,0,7,0,7,3,0
RWA,2020,0,0,5,0,5,3,0
RWA,2024,0,0,8,0,8,4,0
SAA,1952,0,0,93,0,93,9,0
SAM,1984,0,0,9,0,9,3,0
SAM,1988,0,0,11,0,11,4,0
SAM,1992,0,0,5,0,5,2,0
SAM,1996,0,0,5,0,5,3,0
SAM,2000,0,0,5,0,5,5,0
SAM,2004,0,0,3,0,3,2,0
SAM,2008,0,0,7,0,7,5,0
SAM,2012,0,0,9,0,9,6,0
SAM,2016,0,0,9,0,9,5,0
SAM,2020,0,0,13,0,13,5,0
SAM,2024,0,0,24,0,24,9,0
SCG,1996,13,1,53,12,79,13,0
SCG,2000,13,11,100,1,125,14,0
SCG,2004,0,0,83,13,96,14,0
SEN,1964,0,0,14,0,14,1,0
SEN,1968,0,0,24,0,24,2,0
SEN,1972,0,0,40,0,40,5,0
SEN,1976,0,0,33,0,33,4,0
SEN,1980,0,0,39,0,39,4,0
SEN,1984,0,0,29,0,29,5,0
SEN,1988,0,0,34,1,35,4,0
SEN,1992,0,0,25,0,25,4,0
SEN,1996,0,0,12,0,12,3,0
SEN,2000,0,0,32,0,32,6,0
SEN,2004,0,0,21,0,21,6,0
SEN,2008,0,0,17,0,17,7,0
SEN,2012,0,0,32,0,32,8,0
SEN,2016,0,0,22,0,22,8,0
SEN,2020,0,0,9,0,9,8,0
SEN,2024,0,0,13,0,13,8,0
SEY,1980,0,0,21,0,21,2,0
SEY,1984,0,0,15,0,15,2,0
SEY,1992,0,0,21,0,21,4,0
SEY,1996,0,0,9,0,9,5,0
SEY,2000,0,0,9,0,9,5,0
SEY,2004,0,0,10,0,10,7,0
SEY,2008,0,0,10,0,10,6,0
SEY,2012,0,0,6,0,6,4,0
SEY,2016,0,0,10,0,10,6,0
SEY,2020,0,0,6,0,6,4,0
SEY,2024,0,0,3,0,3,2,0
SGP,1948,0,0,1,0,1,1,0
SGP,1952,0,0,7,0,7,3,0
SGP,1956,0,0,52,0,52,6,0
SGP,1960,0,0,4,1,5,3,0
SGP,1968,0,0,6,0,6,3,0
SGP,1972,0,0,12,0,12,3,0
SGP,1976,0,0,4,0,4,4,0
SGP,1984,0,0,14,0,14,2,0
SGP,1988,0,0,27,0,27,3,0
SGP,1992,0,0,37,0,37,6,0
SGP,1996,0,0,35,0,35,6,0
SGP,2000,0,0,23,0,23,4,0
SGP,2004,0,0,22,0,22,6,0
SGP,2008,0,0,33,3,36,6,0
SGP,2012,4,0,32,0,36,9,0
SGP,2016,0,1,31,0,32,7,0
SGP,2020,0,0,30,0,30,12,0
SGP,2024,1,0,31,0,32,11,0
SKN,1996,0,0,14,0,14,1,0
SKN,2000,0,0,4,0,4,1,0
SKN,2004,0,0,2,0,2,1,0
SKN,2008,0,0,6,0,6,1,0
SKN,2012,0,0,7,0,7,1,0
SKN,2016,0,0,9,0,9,1,0
SKN,2020,0,0,2,0,2,1,0
SKN,2024,0,0,3,0,3,2,0
SLE,1968,0,0,4,0,4,2,0
SLE,1980,0,0,32,0,32,2,0
SLE,1984,0,0,10,0,10,2,0
SLE,1988,0,0,20,0,20,4,0
SLE,1992,0,0,15,0,15,1,0
SLE,1996,0,0,19,0,19,3,0
SLE,2000,0,0,3,0,3,2,0
SLE,2004,0,0,2,0,2,1,0
SLE,2008,0,0,3,0,3,2,0
SLE,2012,0,0,2,0,2,1,0
SLE,2016,0,0,4,0,4,2,0
SLE,2020,0,0,4,0,4,3,0
SLE,2024,0,0,4,0,4,3,0
SLO,1992,6,0,41,0,47,12,0
SLO,1996,0,0,45,2,47,8,0
SLO,2000,0,3,87,0,90,13,0
SLO,2004,3,0,97,2,102,10,0
SLO,2008,2,1,68,2,73,11,0
SLO,2012,3,1,73,1,78,15,0
SLO,2016,1,1,66,2,70,12,0
SLO,2020,1,3,59,1,64,17,0
SLO,2024,0,2,114,1,117,17,0
SMR,1960,0,0,13,0,13,3,0
SMR,1968,0,0,4,0,4,2,0
SMR,1972,0,0,7,0,7,2,0
SMR,1976,0,0,10,0,10,3,0
SMR,1980,0,0,16,0,16,5,0
SMR,1984,0,0,31,0,31,7,0
SMR,1988,0,0,15,0,15,6,0
SMR,1992,0,0,20,0,20,7,0
SMR,1996,0,0,7,0,7,6,0
SMR,2000,0,0,4,0,4,3,0
SMR,2004,0,0,5,0,5,3,0
SMR,2008,0,0,4,0,4,3,0
SMR,2012,0,0,4,0,4,4,0
SMR,2016,0,0,4,0,4,2,0
SMR,2020,2,0,4,2,8,4,0
SMR,2024,0,0,5,0,5,5,0
SOL,1984,0,0,3,0,3,2,0
SOL,1988,0,0,5,0,5,4,0
SOL,1992,0,0,1,0,1,1,0
SOL,1996,0,0,4,0,4,2,0
SOL,2000,0,0,2,0,2,1,0
SOL,2004,0,0,2,0,2,1,0
SOL,2008,0,0,3,0,3,2,0
SOL,2012,0,0,4,0,4,3,0
SOL,2016,0,0,3,0,3,2,0
SOL,2020,0,0,3,0,3,3,0
SOL,2024,0,0,2,0,2,2,0
SOM,1972,0,0,4,0,4,1,0
SOM,1984,0,0,9,0,9,1,0
SOM,1988,0,0,5,0,5,1,0
SOM,1996,0,0,4,0,4,1,0
SOM,2000,0,0,2,0,2,1,0
SOM,2004,0,0,2,0,2,1,0
SOM,2008,0,0,2,0,2,1,0
SOM,2012,0,0,2,0,2,1,0
SOM,2016,0,0,2,0,2,1,0
SOM,2020,0,0,2,0,2,2,0
SOM,2024,0,0,1,0,1,1,0
SRB,1912,0,0,2,0,2,1,0
SRB,2008,14,0,82,1,97,11,0
SRB,2012,14,1,118,1,134,15,0
SRB,2016,13,14,73,27,127,14,0
SRB,2020,19,15,75,1,110,16,0
SRB,2024,12,16,106,1,135,16,0
SRI,1948,0,0,9,1,10,2,0
SRI,1952,0,0,7,0,7,4,0
SRI,1956,0,0,3,0,3,2,0
SRI,1960,0,0,5,0,5,4,0
SRI,1964,0,0,7,0,7,4,0
SRI,1968,0,0,3,0,3,3,0
SRI,1972,0,0,6,0,6,2,0
SRI,1980,0,0,4,0,4,1,0
SRI,1984,0,0,6,0,6,3,0
SRI,1988,0,0,9,0,9,3,0
SRI,1992,0,0,16,0,16,5,0
SRI,1996,0,0,11,0,11,3,0
SRI,2000,0,0,23,1,24,4,0
SRI,2004,0,0,8,0,8,3,0
SRI,2008,0,0,9,0,9,6,0
SRI,2012,0,0,8,0,8,4,0
SRI,2016,0,0,10,0,10,6,0
SRI,2020,0,0,13,0,13,7,0
SRI,2024,0,0,6,0,6,3,0
SSD,2016,0,0,3,0,3,1,0
SSD,2020,0,0,2,0,2,1,0
SSD,2024,0,0,14,0,14,2,0
STP,1996,0,0,2,0,2,1,0
STP,2000,0,0,2,0,2,1,0
STP,2004,0,0,2,0,2,1,0
STP,2008,0,0,4,0,4,2,0
STP,2012,0,0,2,0,2,1,0
STP,2016,0,0,3,0,3,2,0
STP,2020,0,0,5,0,5,2,0
STP,2024,0,0,3,0,3,3,0
SUD,1960,0,0,13,0,13,4,0
SUD,1968,0,0,7,0,7,2,0
SUD,1972,0,0,31,0,31,4,0
SUD,1984,0,0,9,0,9,2,0
SUD,1988,0,0,8,0,8,2,0
SUD,1992,0,0,7,0,7,3,0
SUD,1996,0,0,4,0,4,2,0
SUD,2000,0,0,3,0,3,2,0
SUD,2004,0,0,4,0,4,1,0
SUD,2008,0,0,8,1,9,2,0
SUD,2012,0,0,6,0,6,2,0
SUD,2016,0,0,6,0,6,3,0
SUD,2020,0,0,5,0,5,4,0
SUD,2024,0,0,4,0,4,3,0
SUI,1896,0,1,5,2,8,2,0
SUI,1900,1,16,31,4,52,4,0
SUI,1904,2,1,4,0,7,2,0
SUI,1906,1,8,33,3,45,3,0
SUI,1908,0,0,1,0,1,1,0
SUI,1912,0,2,5,0,7,2,0
SUI,1920,21,6,97,2,126,13,0
SUI,1924,21,14,202,25,262,17,0
SUI,1928,4,16,206,10,236,15,0
SUI,1932,0,0,8,1,9,4,0
SUI,1936,24,5,276,23,328,21,0
SUI,1948,6,5,251,25,287,19,0
SUI,1952,12,2,218,19,251,17,0
SUI,1956,3,0,15,0,18,1,0
SUI,1960,6,0,209,6,221,16,0
SUI,1964,1,1,123,4,129,13,0
SUI,1968,10,0,142,3,155,12,0
SUI,1972,0,0,257,8,265,17,0
SUI,1976,6,1,91,3,101,12,0
SUI,1980,0,2,84,0,86,10,0
SUI,1984,4,0,232,9,245,18,0
SUI,1988,2,0,143,6,151,17,0
SUI,1992,0,1,170,0,171,17,0
SUI,1996,0,5,161,6,172,17,0
SUI,2000,2,1,124,11,138,19,0
SUI,2004,4,1,131,2,138,19,0
SUI,2008,7,3,105,1,116,20,0
SUI,2012,0,2,122,2,126,19,0
SUI,2016,2,6,141,3,152,17,0
SUI,2020,7,3,181,5,196,25,0
SUI,2024,7,1,208,2,218,22,0
SUR,1968,0,0,1,0,1,1,0
SUR,1972,0,0,3,0,3,2,0
SUR,1976,0,0,4,0,4,2,0
SUR,1984,0,0,7,0,7,3,0
SUR,1988,0,1,9,0,10,4,0
SUR,1992,1,0,8,0,9,3,0
SUR,1996,0,0,11,0,11,3,0
SUR,2000,0,0,5,0,5,2,0
SUR,2004,0,0,4,0,4,2,0
SUR,2008,0,0,4,0,4,2,0
SUR,2012,0,0,5,0,5,3,0
SUR,2016,0,0,6,0,6,4,0
SUR,2020,0,0,5,0,5,3,0
SUR,2024,0,0,6,0,6,4,0
SVK,1996,1,1,95,1,98,14,0
SVK,2000,1,2,126,3,132,16,0
SVK,2004,5,3,74,2,84,14,0
SVK,2008,1,4,57,5,67,14,0
SVK,2012,4,0,60,1,65,11,0
SVK,2016,0,3,55,5,63,12,0
SVK,2020,4,1,49,2,56,14,0
SVK,2024,1,0,37,0,38,13,0
SWE,1896,0,0,5,0,5,2,0
SWE,1900,1,3,23,0,27,4,0
SWE,1906,14,2,74,5,95,8,0
SWE,1908,18,48,192,18,276,14,0
SWE,1912,25,103,524,62,714,16,1
SWE,1920,64,52,250,38,404,18,0
SWE,1924,43,7,184,22,256,15,0
SWE,1928,22,7,102,8,139,11,0
SWE,1932,12,13,96,7,128,12,0
SWE,1936,17,7,196,11,231,17,0
SWE,1948,30,30,148,15,223,18,0
SWE,1952,23,23,285,24,355,17,0
SWE,1956,6,14,152,14,186,15,0
SWE,1960,3,2,251,2,258,15,0
SWE,1964,8,3,160,4,175,13,0
SWE,1968,1,4,177,4,186,13,0
SWE,1972,8,4,164,10,186,18,0
SWE,1976,0,9,153,1,163,16,0
SWE,1980,9,3,181,8,201,18,0
SWE,1984,13,3,220,18,254,19,0
SWE,1988,11,0,235,5,251,23,0
SWE,1992,7,1,217,27,252,22,0
SWE,1996,5,3,202,23,233,22,0
SWE,2000,8,4,166,20,198,22,0
SWE,2004,2,5,145,5,157,20,0
SWE,2008,2,0,162,5,169,20,0
SWE,2012,3,2,146,17,168,21,0
SWE,2016,3,2,158,23,186,22,0
SWE,2020,0,6,139,28,173,23,0
SWE,2024,4,5,157,7,173,21,0
SWZ,1972,0,0,4,0,4,2,0
SWZ,1984,0,0,11,0,11,4,0
SWZ,1988,0,0,15,0,15,4,0
SWZ,1992,0,0,10,0,10,2,0
SWZ,1996,0,0,6,0,6,3,0
SWZ,2000,0,0,6,0,6,4,0
SWZ,2004,0,0,3,0,3,2,0
SWZ,2008,0,0,4,0,4,2,0
SWZ,2012,0,0,3,0,3,2,0
SWZ,2016,0,0,2,0,2,1,0
SWZ,2020,0,0,4,0,4,3,0
SWZ,2024,0,0,3,0,3,2,0
SYR,1948,0,0,1,0,1,1,0
SYR,1968,0,0,2,0,2,1,0
SYR,1972,0,0,5,0,5,3,0
SYR,1980,0,0,71,0,71,7,0
SYR,1984,0,0,8,1,9,5,0
SYR,1988,0,0,13,0,13,4,0
SYR,1992,0,0,9,0,9,4,0
SYR,1996,0,1,7,0,8,5,0
SYR,2000,0,0,8,0,8,4,0
SYR,2004,1,0,5,0,6,5,0
SYR,2008,0,0,7,0,7,5,0
SYR,2012,0,0,10,0,10,7,0
SYR,2016,0,0,7,0,7,5,0
SYR,2020,1,0,5,0,6,6,0
SYR,2024,0,0,10,0,10,6,0
TAN,1964,0,0,4,0,4,1,0
TAN,1968,0,0,5,0,5,2,0
TAN,1972,0,0,22,0,22,2,0
TAN,1980,0,0,46,2,48,3,0
TAN,1984,0,0,21,0,21,2,0
TAN,1988,0,0,10,0,10,2,0
TAN,1992,0,0,9,0,9,2,0
TAN,1996,0,0,7,0,7,2,0
TAN,2000,0,0,4,0,4,1,0
TAN,2004,0,0,9,0,9,1,0
TAN,2008,0,0,9,0,9,2,0
TAN,2012,0,0,6,0,6,3,0
TAN,2016,0,0,7,0,7,3,0
TAN,2020,0,0,3,0,3,1,0
TAN,2024,0,0,7,0,7,3,0
TCH,1920,10,0,172,0,182,13,0
TCH,1924,5,1,232,4,242,16,0
TCH,1928,2,2,131,12,147,14,0
TCH,1932,2,1,38,3,44,4,0
TCH,1936,1,5,275,12,293,17,0
TCH,1948,3,14,133,3,153,11,0
TCH,1952,10,11,193,4,218,11,0
TCH,1956,1,1,154,5,161,10,0
TCH,1960,11,4,180,7,202,13,0
TCH,1964,12,5,133,37,187,13,0
TCH,1968,15,7,174,7,203,14,0
TCH,1972,6,2,245,21,274,17,0
TCH,1976,9,2,236,4,251,16,0
TCH,1980,16,17,266,18,317,21,0
TCH,1988,3,3,216,4,226,17,0
TCH,1992,1,4,261,3,269,25,0
TGA,1984,0,0,7,0,7,1,0
TGA,1988,0,0,7,0,7,2,0
TGA,1992,0,0,5,0,5,2,0
TGA,1996,0,0,4,1,5,3,0
TGA,2000,0,0,3,0,3,2,0
TGA,2004,0,0,5,0,5,4,0
TGA,2008,0,0,3,0,3,2,0
TGA,2012,0,0,3,0,3,2,0
TGA,2016,0,0,7,0,7,4,0
TGA,2020,0,0,6,0,6,4,0
TGA,2024,0,0,4,0,4,3,0
THA,1952,0,0,15,0,15,1,0
THA,1956,0,0,40,0,40,5,0
THA,1960,0,0,24,0,24,4,0
THA,1964,0,0,67,0,67,8,0
THA,1968,0,0,46,0,46,6,0
THA,1972,0,0,37,0,37,7,0
THA,1976,1,0,61,0,62,11,0
THA,1984,0,0,39,1,40,5,0
THA,1988,1,0,14,0,15,4,0
THA,1992,1,0,63,0,64,9,0
THA,1996,1,1,56,0,58,10,0
THA,2000,2,1,65,0,68,11,0
THA,2004,4,3,43,1,51,13,0
THA,2008,0,2,49,2,53,12,0
THA,2012,1,0,40,2,43,15,0
THA,2016,2,2,52,2,58,15,0
THA,2020,1,1,46,0,48,15,0
THA,2024,2,1,52,3,58,18,0
TJK,1996,0,0,8,0,8,5,0
TJK,2000,0,0,4,0,4,2,0
TJK,2004,0,0,9,0,9,5,0
TJK,2008,1,0,14,1,16,8,0
TJK,2012,1,0,15,0,16,7,0
TJK,2016,0,1,6,0,7,4,0
TJK,2020,0,0,10,0,10,4,0
TJK,2024,3,0,11,0,14,6,0
TKM,1996,0,0,7,0,7,6,0
TKM,2000,0,0,8,0,8,6,0
TKM,2004,0,0,10,0,10,6,0
TKM,2008,0,0,10,0,10,6,0
TKM,2012,0,0,10,0,10,5,0
TKM,2016,0,0,9,0,9,5,0
TKM,2020,0,0,9,1,10,4,0
TKM,2024,0,0,6,0,6,4,0
TLS,2004,0,0,2,0,2,1,0
TLS,2008,0,0,1,0,1,1,0
TLS,2012,0,0,2,0,2,1,0
TLS,2016,0,0,3,0,3,2,0
TLS,2020,0,0,3,0,3,2,0
TLS,2024,0,0,4,0,4,3,0
TOG,1972,0,0,7,0,7,3,0
TOG,1984,0,0,6,0,6,2,0
TOG,1988,0,0,6,0,6,2,0
TOG,1992,0,0,9,0,9,2,0
TOG,1996,0,0,7,0,7,1,0
TOG,2000,0,0,3,0,3,2,0
TOG,2004,0,0,3,0,3,2,0
TOG,2008,1,0,3,0,4,4,0
TOG,2012,0,0,6,0,6,5,0
TOG,2016,0,0,5,0,5,3,0
TOG,2020,0,0,4,0,4,4,0
TOG,2024,0,0,5,0,5,4,0
TPE,1956,0,0,23,0,23,5,0
TPE,1960,0,0,30,1,31,6,0
TPE,1964,0,0,96,0,96,7,0
TPE,1968,1,0,92,0,93,8,0
TPE,1972,0,0,44,0,44,10,0
TPE,1984,1,0,51,0,52,12,0
TPE,1988,0,0,123,0,123,13,0
TPE,1992,0,0,18,20,38,7,0
TPE,1996,0,0,106,1,107,14,0
TPE,2000,4,0,70,1,75,14,0
TPE,2004,3,2,95,4,104,14,0
TPE,2008,4,0,88,0,92,15,0
TPE,2012,1,0,53,1,55,14,0
TPE,2016,4,1,62,0,67,18,0
TPE,2020,7,3,101,6,117,18,0
TPE,2024,5,3,70,0,78,17,0
TTO,1948,0,0,8,1,9,3,0
TTO,1952,2,0,0,0,2,1,0
TTO,1956,0,0,10,0,10,3,0
TTO,1964,5,0,12,1,18,4,0
TTO,1968,0,0,25,0,25,5,0
TTO,1972,0,0,36,0,36,4,0
TTO,1976,0,1,19,0,20,3,0
TTO,1980,0,0,15,0,15,1,0
TTO,1984,0,0,23,0,23,5,0
TTO,1988,0,0,10,0,10,3,0
TTO,1992,0,0,13,0,13,2,0
TTO,1996,2,0,14,0,16,6,0
TTO,2000,1,0,27,1,29,3,0
TTO,2004,1,0,25,0,26,4,0
TTO,2008,0,5,29,1,35,4,0
TTO,2012,5,1,28,4,38,6,0
TTO,2016,1,0,42,0,43,8,0
TTO,2020,0,0,44,0,44,8,0
TTO,2024,0,0,23,0,23,3,0
TUN,1960,0,0,56,0,56,7,0
TUN,1964,1,0,10,1,12,3,0
TUN,1968,1,1,6,0,8,2,0
TUN,1972,0,0,36,1,37,5,0
TUN,1976,0,0,16,0,16,3,0
TUN,1984,0,0,28,0,28,6,0
TUN,1988,0,0,45,0,45,6,0
TUN,1992,0,0,15,0,15,7,0
TUN,1996,1,0,51,0,52,9,0
TUN,2000,0,0,47,0,47,10,0
TUN,2004,0,0,64,0,64,14,0
TUN,2008,0,1,28,0,29,10,0
TUN,2012,1,1,84,1,87,17,0
TUN,2016,3,0,62,0,65,17,0
TUN,2020,0,1,71,1,73,17,0
TUN,2024,1,1,28,1,31,15,0
TUR,1906,0,0,2,0,2,1,0
TUR,1912,0,0,7,0,7,1,0
TUR,1924,0,0,23,0,23,5,0
TUR,1928,0,0,40,0,40,6,0
TUR,1932,0,0,2,0,2,1,0
TUR,1936,1,1,60,0,62,7,0
TUR,1948,2,6,75,4,87,7,0
TUR,1952,1,2,55,0,58,4,0
TUR,1956,2,3,21,2,28,2,0
TUR,1960,0,7,49,2,58,6,0
TUR,1964,1,2,19,3,25,4,0
TUR,1968,0,2,28,0,30,4,0
TUR,1972,0,0,49,1,50,8,0
TUR,1976,0,0,28,0,28,8,0
TUR,1984,3,0,59,0,62,10,0
TUR,1988,0,1,49,1,51,9,0
TUR,1992,2,2,48,2,54,10,0
TUR,1996,1,4,55,1,61,9,0
TUR,2000,2,3,62,0,67,10,0
TUR,2004,5,3,63,3,74,10,0
TUR,2008,3,1,64,3,71,12,0
TUR,2012,1,2,114,2,119,16,0
TUR,2016,4,1,111,3,119,21,0
TUR,2020,9,2,126,2,139,18,0
TUR,2024,7,0,154,4,165,19,0
TUV,2008,0,0,3,0,3,2,0
TUV,2012,0,0,3,0,3,2,0
TUV,2016,0,0,1,0,1,1,0
TUV,2020,0,0,2,0,2,1,0
TUV,2024,0,0,2,0,2,1,0
UAE,1984,0,0,11,0,11,1,0
UAE,1988,0,0,36,0,36,2,0
UAE,1992,0,0,36,0,36,3,0
UAE,1996,0,0,4,0,4,4,0
UAE,2000,0,0,5,0,5,3,0
UAE,2004,0,1,4,0,5,3,0
UAE,2008,0,0,9,0,9,7,0
UAE,2012,0,0,26,0,26,6,0
UAE,2016,1,0,11,0,12,6,0
UAE,2020,0,0,5,0,5,4,0
UAE,2024,0,0,16,0,16,5,0
UAR,1960,1,0,121,1,123,12,0
UGA,1956,0,0,5,0,5,1,0
UGA,1960,0,0,16,0,16,2,0
UGA,1964,0,0,19,0,19,2,0
UGA,1968,1,0,12,1,14,2,0
UGA,1972,0,1,33,1,35,3,0
UGA,1980,0,0,15,1,16,2,0
UGA,1984,0,0,30,0,30,5,0
UGA,1988,0,0,30,0,30,3,0
UGA,1992,0,0,9,0,9,3,0
UGA,1996,1,0,11,0,12,4,0
UGA,2000,0,0,13,0,13,5,0
UGA,2004,0,0,11,0,11,4,0
UGA,2008,0,0,11,0,11,4,0
UGA,2012,0,1,15,0,16,4,0
UGA,2016,0,0,23,0,23,3,0
UGA,2020,1,2,24,1,28,4,0
UGA,2024,0,1,25,1,27,4,0
UKR,1996,19,10,317,5,351,21,0
UKR,2000,12,3,333,20,368,23,0
UKR,2004,31,8,310,8,357,23,0
UKR,2008,16,10,296,5,327,24,0
UKR,2012,12,9,278,5,304,25,0
UKR,2016,5,2,257,8,272,24,0
UKR,2020,21,1,196,7,225,28,0
UKR,2024,4,6,196,6,212,25,0
UNK,1912,0,0,2,0,2,1,0
URS,1952,19,36,334,62,451,18,0
URS,1956,55,68,242,46,411,18,0
URS,1960,45,61,245,63,414,17,0
URS,1964,51,60,289,63,463,19,0
URS,1968,64,65,279,63,471,18,0
URS,1972,60,107,317,47,531,22,0
URS,1976,77,114,288,95,574,22,0
URS,1980,126,187,218,129,660,23,0
URS,1988,99,134,347,67,647,27,0
URU,1924,0,14,26,0,40,4,0
URU,1928,0,17,0,0,17,1,0
URU,1932,1,0,5,0,6,2,0
URU,1936,0,0,40,0,40,6,0
URU,1948,2,0,76,1,79,11,0
URU,1952,14,0,28,0,42,9,0
URU,1956,12,0,17,0,29,5,0
URU,1960,0,0,42,0,42,8,0
URU,1964,1,0,28,0,29,4,0
URU,1968,0,0,50,0,50,8,0
URU,1972,0,0,20,0,20,5,0
URU,1976,0,0,15,0,15,5,0
URU,1984,0,0,23,0,23,5,0
URU,1988,0,0,18,0,18,8,0
URU,1992,0,0,18,0,18,11,0
URU,1996,0,0,15,0,15,8,0
URU,2000,0,0,16,1,17,7,0
URU,2004,0,0,18,0,18,6,0
URU,2008,0,0,13,0,13,6,0
URU,2012,0,0,27,0,27,8,0
URU,2016,0,0,17,0,17,8,0
URU,2020,0,0,11,0,11,5,0
URU,2024,0,0,27,0,27,9,0
USA,1896,2,11,7,7,27,3,0
USA,1900,17,30,72,16,135,10,0
USA,1904,125,128,715,141,1109,18,1
USA,1906,6,12,57,6,81,5,0
USA,1908,15,34,154,16,219,10,0
USA,1912,36,46,257,25,364,11,0
USA,1920,38,111,279,45,473,18,0
USA,1924,49,97,277,36,459,18,0
USA,1928,17,47,338,24,426,15,0
USA,1932,61,81,554,47,743,17,1
USA,1936,16,51,391,29,487,21,0
USA,1948,35,87,272,30,424,19,0
USA,1952,28,83,317,23,451,18,0
USA,1956,20,61,320,42,443,19,0
USA,1960,21,81,303,23,428,17,0
USA,1964,37,95,323,37,492,19,0
USA,1968,35,99,363,32,529,18,0
USA,1972,43,69,407,59,578,21,0
USA,1976,36,70,390,58,554,19,0
USA,1984,50,186,341,116,693,25,1
USA,1988,54,87,508,66,715,27,0
USA,1992,85,89,510,50,734,28,0
USA,1996,52,159,580,48,839,31,1
USA,2000,51,130,522,61,764,31,0
USA,2004,71,117,463,75,726,31,0
USA,2008,80,127,446,110,763,32,0
USA,2012,46,145,441,57,689,31,0
USA,2016,71,139,455,54,719,33,0
USA,2020,75,113,558,110,856,44,0
USA,2024,94,131,533,96,854,47,0
UZB,1996,1,0,93,1,95,12,0
UZB,2000,2,1,81,1,85,12,0
UZB,2004,2,2,74,1,79,14,0
UZB,2008,3,1,63,2,69,14,0
UZB,2012,2,1,53,0,56,14,0
UZB,2016,7,4,67,2,80,15,0
UZB,2020,2,3,80,0,85,16,0
UZB,2024,3,8,106,2,119,17,0
VAN,1988,0,0,6,0,6,2,0
VAN,1992,0,0,8,0,8,1,0
VAN,1996,0,0,4,0,4,1,0
VAN,2000,0,0,3,0,3,2,0
VAN,2004,0,0,2,0,2,1,0
VAN,2008,0,0,3,0,3,2,0
VAN,2012,0,0,5,0,5,3,0
VAN,2016,0,0,4,0,4,4,0
VAN,2020,0,0,3,0,3,3,0
VAN,2024,0,0,6,0,6,5,0
VEN,1932,0,0,1,0,1,1,0
VEN,1948,0,0,2,0,2,1,0
VEN,1952,1,0,62,0,63,8,0
VEN,1956,0,0,38,0,38,5,0
VEN,1960,1,0,53,0,54,9,0
VEN,1964,0,0,23,0,23,5,0
VEN,1968,0,1,29,0,30,5,0
VEN,1972,0,0,33,0,33,4,0
VEN,1976,0,0,55,1,56,6,0
VEN,1980,0,0,42,1,43,7,0
VEN,1984,3,0,41,0,44,10,0
VEN,1988,0,0,17,0,17,7,0
VEN,1992,0,0,27,0,27,8,0
VEN,1996,0,0,53,0,53,12,0
VEN,2000,0,0,65,0,65,17,0
VEN,2004,2,0,51,0,53,15,0
VEN,2008,1,0,125,0,126,21,0
VEN,2012,0,1,84,0,85,15,0
VEN,2016,2,0,102,1,105,20,0
VEN,2020,0,1,43,3,47,16,0
VEN,2024,0,0,37,0,37,10,0
VIE,1980,0,0,38,0,38,4,0
VIE,1988,0,0,12,0,12,6,0
VIE,1992,0,0,10,0,10,3,0
VIE,1996,0,0,6,0,6,4,0
VIE,2000,0,0,6,1,7,4,0
VIE,2004,0,0,11,0,11,8,0
VIE,2008,0,0,17,1,18,8,0
VIE,2012,0,0,24,0,24,11,0
VIE,2016,0,1,26,1,28,10,0
VIE,2020,0,0,23,0,23,11,0
VIE,2024,0,0,20,0,20,11,0
VIN,1988,0,0,6,0,6,1,0
VIN,1992,0,0,8,0,8,1,0
VIN,1996,0,0,12,0,12,1,0
VIN,2000,0,0,4,0,4,2,0
VIN,2004,0,0,3,0,3,2,0
VIN,2008,0,0,2,0,2,1,0
VIN,2012,0,0,3,0,3,2,0
VIN,2016,0,0,4,0,4,2,0
VIN,2020,0,0,3,0,3,2,0
VIN,2024,0,0,4,0,4,2,0
VNM,1952,0,0,13,0,13,5,0
VNM,1956,0,0,10,0,10,1,0
VNM,1960,0,0,5,0,5,2,0
VNM,1964,0,0,23,0,23,5,0
VNM,1968,0,0,9,0,9,5,0
VNM,1972,0,0,2,0,2,1,0
WIF,1960,5,0,15,0,20,5,0
YAR,1984,0,0,3,0,3,1,0
YAR,1988,0,0,8,0,8,3,0
YEM,1992,0,0,8,0,8,2,0
YEM,1996,0,0,4,0,4,2,0
YEM,2000,0,0,2,0,2,1,0
YEM,2004,0,0,3,0,3,3,0
YEM,2008,0,0,8,0,8,4,0
YEM,2012,0,0,4,0,4,3,0
YEM,2016,0,0,3,0,3,3,0
YEM,2020,0,0,6,0,6,4,0
YEM,2024,0,0,4,0,4,4,0
YMD,1988,0,0,5,0,5,2,0
YUG,1920,0,0,15,0,15,1,0
YUG,1924,0,2,114,0,116,9,0
YUG,1928,10,1,74,1,86,6,0
YUG,1932,0,0,1,0,1,1,0
YUG,1936,0,0,172,1,173,13,0
YUG,1948,0,0,146,16,162,8,0
YUG,1952,0,4,170,20,194,11,0
YUG,1956,0,0,14,23,37,8,0
YUG,1960,0,16,168,1,185,14,0
YUG,1964,2,2,108,11,123,9,0
YUG,1968,2,13,101,14,130,11,0
YUG,1972,2,15,194,1,212,15,0
YUG,1976,3,2,76,14,95,14,0
YUG,1980,17,13,123,27,180,17,0
YUG,1984,35,47,67,5,154,16,0
YUG,1988,21,15,120,27,183,18,0
ZAM,1964,0,0,15,0,15,5,0
ZAM,1968,0,0,7,0,7,2,0
ZAM,1972,0,0,12,0,12,2,0
ZAM,1980,0,0,43,0,43,4,0
ZAM,1984,1,0,17,0,18,3,0
ZAM,1988,0,0,33,0,33,3,0
ZAM,1992,0,0,11,0,11,3,0
ZAM,1996,0,0,7,1,8,2,0
ZAM,2000,0,0,8,0,8,3,0
ZAM,2004,0,0,6,0,6,3,0
ZAM,2008,0,0,8,0,8,4,0
ZAM,2012,0,0,7,0,7,4,0
ZAM,2016,0,0,7,0,7,4,0
ZAM,2020,0,0,31,0,31,5,0
ZAM,2024,1,0,31,0,32,5,0
ZIM,1928,0,0,2,0,2,1,0
ZIM,1960,0,0,10,0,10,1,0
ZIM,1964,0,0,33,0,33,7,0
ZIM,1980,0,15,37,0,52,10,0
ZIM,1984,0,0,20,0,20,5,0
ZIM,1988,0,0,47,0,47,10,0
ZIM,1992,0,0,28,0,28,6,0
ZIM,1996,0,0,21,0,21,6,0
ZIM,2000,0,0,26,0,26,5,0
ZIM,2004,1,1,11,1,14,4,0
ZIM,2008,0,1,12,3,16,6,0
ZIM,2012,0,0,9,0,9,4,0
ZIM,2016,0,0,31,0,31,7,0
ZIM,2020,0,0,5,0,5,4,0
ZIM,2024,0,0,7,0,7,3,0
