NOC,Year,Gold,Silver,Bronze,Participants,Sports
AFG,1936,0,0,0,4,2
AFG,1948,0,0,0,2,2
AFG,1956,0,0,0,1,1
AFG,1960,0,0,0,13,2
AFG,1964,0,0,0,8,1
AFG,1968,0,0,0,5,1
AFG,1972,0,0,0,8,1
AFG,1980,0,0,0,11,2
AFG,1988,0,0,0,5,1
AFG,1996,0,0,0,2,1
AFG,2004,0,0,0,5,4
AFG,2008,0,0,1,4,2
AFG,2012,0,0,1,6,4
AFG,2016,0,0,0,3,2
AFG,2020,0,0,0,5,4
AFG,2024,0,0,0,6,4
AHO,1952,0,0,0,1,1
AHO,1960,0,0,0,4,1
AHO,1964,0,0,0,4,2
AHO,1968,0,0,0,4,2
AHO,1972,0,0,0,2,2
AHO,1976,0,0,0,4,2
AHO,1984,0,0,0,10,3
AHO,1988,0,1,0,4,3
AHO,1992,0,0,0,4,3
AHO,1996,0,0,0,7,5
AHO,2000,0,0,0,8,6
AHO,2004,0,0,0,3,2
AHO,2008,0,0,0,4,3
AIN,2024,1,4,1,30,10
ALB,1972,0,0,0,3,2
ALB,1992,0,0,0,8,4
ALB,1996,0,0,0,7,5
ALB,2000,0,0,0,5,3
ALB,2004,0,0,0,7,4
ALB,2008,0,0,0,12,6
ALB,2012,0,0,0,9,5
ALB,2016,0,0,0,6,3
ALB,2020,0,0,0,10,6
ALB,2024,0,0,2,9,4
ALG,1964,0,0,0,7,1
ALG,1968,0,0,0,9,2
ALG,1972,0,0,0,5,2
ALG,1980,0,0,0,28,9
ALG,1984,0,0,2,17,4
ALG,1988,0,0,0,29,7
ALG,1992,1,0,1,27,7
ALG,1996,2,0,1,29,9
ALG,2000,1,1,3,42,10
ALG,2004,0,0,0,57,10
ALG,2008,0,1,1,44,12
ALG,2012,1,0,0,29,12
ALG,2016,0,2,0,48,13
ALG,2020,0,0,0,43,15
ALG,2024,2,0,1,47,15
AND,1976,0,0,0,2,2
AND,1980,0,0,0,1,1
AND,1984,0,0,0,1,1
AND,1988,0,0,0,3,2
AND,1992,0,0,0,5,5
AND,1996,0,0,0,7,5
AND,2000,0,0,0,5,3
AND,2004,0,0,0,6,4
AND,2008,0,0,0,5,4
AND,2012,0,0,0,6,4
AND,2016,0,0,0,4,4
AND,2020,0,0,0,3,2
AND,2024,0,0,0,4,2
ANG,1980,0,0,0,14,3
ANG,1988,0,0,0,27,4
ANG,1992,0,0,0,21,6
ANG,1996,0,0,0,8,5
ANG,2000,0,0,0,7,5
ANG,2004,0,0,0,5,5
ANG,2008,0,0,0,8,6
ANG,2012,0,0,0,10,6
ANG,2016,0,0,0,10,7
ANG,2020,0,0,0,6,5
ANG,2024,0,0,0,10,7
ANT,1976,0,0,0,11,2
ANT,1984,0,0,0,17,3
ANT,1988,0,0,0,19,4
ANT,1992,0,0,0,15,3
ANT,1996,0,0,0,9,4
ANT,2000,0,0,0,4,2
ANT,2004,0,0,0,5,2
ANT,2008,0,0,0,5,2
ANT,2012,0,0,0,4,2
ANT,2016,0,0,0,5,2
ANT,2020,0,0,0,6,4
ANT,2024,0,0,0,5,3
ANZ,1908,15,2,2,20,6
ANZ,1912,5,2,3,17,4
ARG,1900,0,0,0,1,1
ARG,1908,0,0,0,1,1
ARG,1920,0,0,0,1,1
ARG,1924,5,3,2,39,11
ARG,1928,3,18,5,40,12
ARG,1932,3,1,0,30,7
ARG,1936,5,2,4,31,8
ARG,1948,3,7,1,101,16
ARG,1952,2,2,2,77,15
ARG,1956,0,1,1,32,9
ARG,1960,0,3,1,54,15
ARG,1964,0,1,0,78,14
ARG,1968,0,0,2,60,12
ARG,1972,0,1,0,62,12
ARG,1976,0,0,0,50,12
ARG,1984,0,0,0,70,14
ARG,1988,0,1,12,53,18
ARG,1992,0,0,2,68,17
ARG,1996,0,19,1,102,20
ARG,2000,0,17,3,98,21
ARG,2004,28,0,21,86,22
ARG,2008,20,0,31,71,19
ARG,2012,1,15,3,66,23
ARG,2016,21,1,0,80,26
ARG,2020,0,18,25,61,31
ARG,2024,1,2,16,41,25
ARM,1996,1,1,0,36,11
ARM,2000,0,0,1,26,10
ARM,2004,0,0,0,19,8
ARM,2008,0,0,6,24,7
ARM,2012,0,1,2,30,9
ARM,2016,1,3,0,32,8
ARM,2020,0,2,2,19,8
ARM,2024,0,3,1,16,7
ARU,1988,0,0,0,10,5
ARU,1992,0,0,0,4,3
ARU,1996,0,0,0,3,3
ARU,2000,0,0,0,5,3
ARU,2004,0,0,0,4,3
ARU,2008,0,0,0,2,2
ARU,2012,0,0,0,4,3
ARU,2016,0,0,0,6,4
ARU,2020,0,0,0,4,2
ARU,2024,0,0,0,7,4
ASA,1988,0,0,0,6,4
ASA,1992,0,0,0,3,2
ASA,1996,0,0,0,6,5
ASA,2000,0,0,0,4,3
ASA,2004,0,0,0,3,2
ASA,2008,0,0,0,4,3
ASA,2012,0,0,0,4,3
ASA,2016,0,0,0,4,3
ASA,2020,0,0,0,5,4
ASA,2024,0,0,0,2,2
AUS,1896,2,0,1,5,2
AUS,1900,3,0,3,6,2
AUS,1904,0,3,1,6,2
AUS,1906,0,0,3,9,2
AUS,1920,0,6,1,19,5
AUS,1924,3,5,2,31,9
AUS,1928,1,2,1,26,6
AUS,1932,3,1,1,17,6
AUS,1936,0,0,1,26,7
AUS,1948,2,9,5,52,11
AUS,1952,7,2,11,67,12
AUS,1956,28,13,26,143,19
AUS,1960,11,24,11,122,17
AUS,1964,8,6,30,133,19
AUS,1968,5,35,11,105,16
AUS,1972,11,7,2,110,20
AUS,1976,0,15,8,115,20
AUS,1980,6,2,5,92,17
AUS,1984,7,14,31,137,22
AUS,1988,18,6,11,145,24
AUS,1992,14,27,16,153,25
AUS,1996,32,16,84,211,26
AUS,2000,60,69,54,270,34
AUS,2004,49,77,31,219,33
AUS,2008,31,42,76,219,31
AUS,2012,18,37,59,208,29
AUS,2016,23,34,25,194,31
AUS,2020,36,28,67,193,41
AUS,2024,33,44,44,205,44
AUT,1896,2,1,2,8,3
AUT,1900,0,3,3,17,4
AUT,1904,2,1,1,7,2
AUT,1906,3,3,3,46,9
AUT,1908,0,0,1,10,4
AUT,1912,0,9,5,46,12
AUT,1924,0,3,1,27,8
AUT,1928,3,0,2,39,13
AUT,1932,1,1,3,14,7
AUT,1936,6,42,7,105,19
AUT,1948,2,2,4,79,17
AUT,1952,0,1,2,70,16
AUT,1956,0,0,4,36,12
AUT,1960,1,2,0,81,15
AUT,1964,0,0,0,54,14
AUT,1968,0,2,3,37,12
AUT,1972,0,1,2,68,15
AUT,1976,0,0,1,44,15
AUT,1980,1,3,1,51,16
AUT,1984,1,1,1,72,18
AUT,1988,1,0,0,62,17
AUT,1992,0,6,0,68,17
AUT,1996,0,1,2,53,15
AUT,2000,3,1,0,68,17
AUT,2004,3,4,1,56,18
AUT,2008,0,1,2,62,16
AUT,2012,0,0,0,69,19
AUT,2016,0,0,2,61,23
AUT,2020,1,1,5,70,24
AUT,2024,3,0,3,76,26
AZE,1996,0,1,0,23,9
AZE,2000,2,0,1,32,8
AZE,2004,1,0,4,36,10
AZE,2008,1,2,4,37,10
AZE,2012,2,2,6,57,15
AZE,2016,1,7,10,62,15
AZE,2020,0,3,4,51,14
AZE,2024,2,2,3,41,15
BAH,1952,0,0,0,3,1
BAH,1956,0,0,2,4,2
BAH,1960,0,0,0,8,2
BAH,1964,2,0,0,6,2
BAH,1968,0,0,0,12,3
BAH,1972,0,0,0,13,4
BAH,1976,0,0,0,13,3
BAH,1984,0,0,0,23,4
BAH,1988,0,0,0,15,5
BAH,1992,0,0,1,13,4
BAH,1996,0,5,0,17,4
BAH,2000,6,0,5,18,3
BAH,2004,1,0,1,18,3
BAH,2008,0,6,1,22,4
BAH,2012,4,0,0,16,2
BAH,2016,1,0,5,20,3
BAH,2020,2,0,0,12,2
BAH,2024,0,0,0,13,2
BAN,1984,0,0,0,2,1
BAN,1988,0,0,0,8,2
BAN,1992,0,0,0,6,3
BAN,1996,0,0,0,4,3
BAN,2000,0,0,0,6,3
BAN,2004,0,0,0,4,3
BAN,2008,0,0,0,5,3
BAN,2012,0,0,0,7,5
BAN,2016,0,0,0,7,5
BAN,2020,0,0,0,7,4
BAN,2024,0,0,0,5,4
BAR,1968,0,0,0,10,5
BAR,1972,0,0,0,13,4
BAR,1976,0,0,0,11,2
BAR,1984,0,0,0,16,6
BAR,1988,0,0,0,20,7
BAR,1992,0,0,0,17,5
BAR,1996,0,0,0,21,7
BAR,2000,0,0,1,21,6
BAR,2004,0,0,0,15,5
BAR,2008,0,0,0,10,3
BAR,2012,0,0,0,6,3
BAR,2016,0,0,0,11,5
BAR,2020,0,0,0,9,2
BAR,2024,0,0,0,4,3
BDI,1996,1,0,0,6,1
BDI,2000,0,0,0,5,1
BDI,2004,0,0,0,5,2
BDI,2008,0,0,0,3,2
BDI,2012,0,0,0,6,3
BDI,2016,0,1,0,9,3
BDI,2020,0,0,0,7,3
BDI,2024,0,0,0,7,3
BEL,1900,6,24,13,31,10
BEL,1906,2,3,6,22,7
BEL,1908,1,24,8,33,11
BEL,1912,7,1,11,23,9
BEL,1920,57,65,66,121,23
BEL,1924,3,30,6,82,17
BEL,1928,0,1,4,90,15
BEL,1932,0,0,1,10,2
BEL,1936,0,0,14,72,15
BEL,1948,5,2,8,77,17
BEL,1952,5,3,0,74,16
BEL,1956,0,2,0,39,13
BEL,1960,0,2,2,64,16
BEL,1964,2,0,1,36,13
BEL,1968,0,1,2,55,13
BEL,1972,0,2,0,51,14
BEL,1976,0,3,6,80,16
BEL,1980,1,0,0,51,10
BEL,1984,1,2,2,48,14
BEL,1988,0,0,2,65,16
BEL,1992,0,1,2,70,18
BEL,1996,2,2,2,55,14
BEL,2000,0,3,4,64,16
BEL,2004,1,0,2,41,14
BEL,2008,1,4,0,55,16
BEL,2012,0,1,2,71,16
BEL,2016,2,17,2,74,19
BEL,2020,20,1,6,77,25
BEL,2024,3,1,5,93,25
BEN,1972,0,0,0,3,2
BEN,1980,0,0,0,17,2
BEN,1984,0,0,0,3,1
BEN,1988,0,0,0,7,2
BEN,1992,0,0,0,6,2
BEN,1996,0,0,0,4,1
BEN,2000,0,0,0,4,3
BEN,2004,0,0,0,4,2
BEN,2008,0,0,0,5,3
BEN,2012,0,0,0,5,4
BEN,2016,0,0,0,6,4
BEN,2020,0,0,0,7,4
BEN,2024,0,0,0,5,3
BER,1936,0,0,0,4,1
BER,1948,0,0,0,13,3
BER,1952,0,0,0,6,3
BER,1956,0,0,0,1,1
BER,1960,0,0,0,4,1
BER,1964,0,0,0,2,1
BER,1968,0,0,0,4,2
BER,1972,0,0,0,4,3
BER,1976,0,0,1,12,3
BER,1984,0,0,0,10,5
BER,1988,0,0,0,12,6
BER,1992,0,0,0,20,4
BER,1996,0,0,0,9,4
BER,2000,0,0,0,6,4
BER,2004,0,0,0,7,6
BER,2008,0,0,0,6,4
BER,2012,0,0,0,7,5
BER,2016,0,0,0,8,5
BER,2020,1,0,0,2,2
BER,2024,0,0,0,7,5
BHU,1984,0,0,0,2,1
BHU,1988,0,0,0,2,1
BHU,1992,0,0,0,4,1
BHU,1996,0,0,0,2,1
BHU,2000,0,0,0,2,1
BHU,2004,0,0,0,2,1
BHU,2008,0,0,0,2,1
BHU,2012,0,0,0,2,2
BHU,2016,0,0,0,2,2
BHU,2020,0,0,0,4,4
BHU,2024,0,0,0,3,3
BIH,1992,0,0,0,13,6
BIH,1996,0,0,0,12,7
BIH,2000,0,0,0,10,4
BIH,2004,0,0,0,11,8
BIH,2008,0,0,0,7,4
BIH,2012,0,0,0,8,4
BIH,2016,0,0,0,8,5
BIH,2020,0,0,0,8,5
BIH,2024,0,0,0,6,3
BIZ,1968,0,0,0,6,4
BIZ,1972,0,0,0,2,1
BIZ,1976,0,0,0,4,2
BIZ,1984,0,0,0,7,3
BIZ,1988,0,0,0,7,2
BIZ,1992,0,0,0,10,2
BIZ,1996,0,0,0,5,2
BIZ,2000,0,0,0,2,1
BIZ,2004,0,0,0,2,1
BIZ,2008,0,0,0,4,2
BIZ,2012,0,0,0,3,2
BIZ,2016,0,0,0,3,2
BIZ,2020,0,0,0,4,2
BIZ,2024,0,0,0,1,1
BLR,1996,1,6,16,115,19
BLR,2000,3,8,11,109,20
BLR,2004,2,5,8,121,22
BLR,2008,8,5,16,122,24
BLR,2012,3,12,8,110,23
BLR,2016,1,4,7,86,22
BLR,2020,1,6,3,89,20
BOH,1900,0,1,2,9,4
BOH,1906,0,0,3,22,6
BOH,1908,0,0,6,15,5
BOH,1912,0,0,0,26,8
BOL,1936,0,0,0,2,2
BOL,1964,0,0,0,1,1
BOL,1968,0,0,0,3,3
BOL,1972,0,0,0,9,3
BOL,1976,0,0,0,5,4
BOL,1984,0,0,0,11,6
BOL,1988,0,0,0,12,6
BOL,1992,0,0,0,18,6
BOL,1996,0,0,0,9,5
BOL,2000,0,0,0,5,3
BOL,2004,0,0,0,11,5
BOL,2008,0,0,0,7,5
BOL,2012,0,0,0,5,3
BOL,2016,0,0,0,10,5
BOL,2020,0,0,0,5,3
BOL,2024,0,0,0,4,2
BOT,1980,0,0,0,8,1
BOT,1984,0,0,0,6,2
BOT,1988,0,0,0,8,2
BOT,1992,0,0,0,6,2
BOT,1996,0,0,0,4,2
BOT,2000,0,0,0,5,2
BOT,2004,0,0,0,8,2
BOT,2008,0,0,0,11,3
BOT,2012,0,1,0,4,2
BOT,2016,0,0,0,7,3
BOT,2020,0,0,6,9,4
BOT,2024,1,6,0,9,2
BRA,1900,0,0,0,3,1
BRA,1920,1,1,5,10,5
BRA,1924,0,0,0,15,4
BRA,1932,0,0,0,28,5
BRA,1936,0,0,0,37,9
BRA,1948,0,0,10,41,11
BRA,1952,1,0,2,51,14
BRA,1956,1,0,0,30,12
BRA,1960,0,0,13,35,14
BRA,1964,0,0,12,17,11
BRA,1968,0,1,3,27,13
BRA,1972,0,0,2,44,13
BRA,1976,0,0,3,47,12
BRA,1980,4,0,5,72,14
BRA,1984,1,33,2,82,17
BRA,1988,1,17,5,106,21
BRA,1992,13,1,0,107,23
BRA,1996,5,15,43,93,18
BRA,2000,0,12,36,96,24
BRA,2004,18,19,3,133,26
BRA,2008,14,34,30,145,28
BRA,2012,14,34,11,138,27
BRA,2016,36,8,6,222,34
BRA,2020,29,17,9,142,33
BRA,2024,4,28,35,146,38
BRN,1984,0,0,0,8,4
BRN,1988,0,0,0,7,3
BRN,1992,0,0,0,10,2
BRN,1996,0,0,0,3,2
BRN,2000,0,0,0,4,2
BRN,2004,0,0,0,10,4
BRN,2008,0,0,0,11,3
BRN,2012,0,0,1,11,3
BRN,2016,1,1,0,20,4
BRN,2020,0,1,0,14,5
BRN,2024,2,1,1,13,5
BRU,1996,0,0,0,1,1
BRU,2000,0,0,0,2,2
BRU,2004,0,0,0,1,1
BRU,2012,0,0,0,3,2
BRU,2016,0,0,0,3,2
BRU,2020,0,0,0,2,2
BRU,2024,0,0,0,3,2
BUL,1924,0,0,0,12,4
BUL,1928,0,0,0,5,2
BUL,1932,0,0,0,1,1
BUL,1936,0,0,0,22,7
BUL,1952,0,0,1,34,8
BUL,1956,1,3,14,31,7
BUL,1960,1,3,3,66,12
BUL,1964,3,5,2,56,9
BUL,1968,2,21,3,69,13
BUL,1972,6,10,6,92,15
BUL,1976,8,13,18,108,14
BUL,1980,8,44,38,151,20
BUL,1988,10,14,17,120,16
BUL,1992,3,7,7,116,19
BUL,1996,3,12,6,89,17
BUL,2000,5,6,2,85,16
BUL,2004,2,1,14,94,19
BUL,2008,1,1,3,60,15
BUL,2012,0,1,1,56,17
BUL,2016,0,1,6,51,14
BUL,2020,7,1,2,45,13
BUL,2024,3,1,3,53,16
BUR,1972,0,0,0,1,1
BUR,1988,0,0,0,7,2
BUR,1992,0,0,0,4,2
BUR,1996,0,0,0,5,2
BUR,2000,0,0,0,4,3
BUR,2004,0,0,0,5,3
BUR,2008,0,0,0,6,4
BUR,2012,0,0,0,5,3
BUR,2016,0,0,0,5,3
BUR,2020,0,0,1,8,5
BUR,2024,0,0,0,8,5
CAF,1968,0,0,0,1,1
CAF,1984,0,0,0,3,2
CAF,1988,0,0,0,4,3
CAF,1992,0,0,0,16,3
CAF,1996,0,0,0,5,1
CAF,2000,0,0,0,3,2
CAF,2004,0,0,0,4,3
CAF,2008,0,0,0,3,2
CAF,2012,0,0,0,6,4
CAF,2016,0,0,0,6,4
CAF,2020,0,0,0,2,2
CAF,2024,0,0,0,4,3
CAM,1956,0,0,0,1,1
CAM,1964,0,0,0,10,3
CAM,1972,0,0,0,14,3
CAM,1996,0,0,0,5,3
CAM,2000,0,0,0,4,2
CAM,2004,0,0,0,4,2
CAM,2008,0,0,0,4,2
CAM,2012,0,0,0,6,4
CAM,2016,0,0,0,6,4
CAM,2020,0,0,0,3,2
CAM,2024,0,0,0,3,2
CAN,1900,1,0,1,5,1
CAN,1904,27,9,12,15,6
CAN,1906,1,1,0,4,1
CAN,1908,14,8,30,42,11
CAN,1912,3,2,3,30,7
CAN,1920,10,3,3,39,9
CAN,1924,0,19,1,39,8
CAN,1928,7,5,21,49,8
CAN,1932,2,13,24,69,10
CAN,1936,1,12,9,69,12
CAN,1948,0,2,5,83,13
CAN,1952,1,3,0,74,13
CAN,1956,5,9,5,84,15
CAN,1960,0,9,0,77,14
CAN,1964,2,2,1,92,16
CAN,1968,3,3,4,124,14
CAN,1972,0,2,9,136,18
CAN,1976,0,9,14,173,23
CAN,1984,19,36,32,193,23
CAN,1988,4,5,14,193,23
CAN,1992,27,5,12,199,24
CAN,1996,8,30,12,189,25
CAN,2000,4,4,23,175,29
CAN,2004,3,10,4,151,28
CAN,2008,11,13,11,185,30
CAN,2012,1,21,33,179,28
CAN,2016,4,4,61,175,31
CAN,2020,36,11,38,182,40
CAN,2024,14,29,14,172,40
CAY,1976,0,0,0,1,1
CAY,1984,0,0,0,7,2
CAY,1988,0,0,0,7,2
CAY,1992,0,0,0,7,3
CAY,1996,0,0,0,7,3
CAY,2000,0,0,0,4,2
CAY,2004,0,0,0,8,2
CAY,2008,0,0,0,6,2
CAY,2012,0,0,0,5,2
CAY,2016,0,0,0,5,3
CAY,2020,0,0,0,9,3
CAY,2024,0,0,0,5,3
CGO,1964,0,0,0,2,1
CGO,1972,0,0,0,5,1
CGO,1980,0,0,0,8,3
CGO,1984,0,0,0,10,2
CGO,1988,0,0,0,7,1
CGO,1992,0,0,0,7,2
CGO,1996,0,0,0,5,3
CGO,2000,0,0,0,5,3
CGO,2004,0,0,0,5,4
CGO,2008,0,0,0,5,3
CGO,2012,0,0,0,6,3
CGO,2016,0,0,0,9,5
CGO,2020,0,0,0,3,2
CGO,2024,0,0,0,4,3
CHA,1964,0,0,0,2,1
CHA,1968,0,0,0,3,1
CHA,1972,0,0,0,4,2
CHA,1984,0,0,0,3,1
CHA,1988,0,0,0,6,1
CHA,1992,0,0,0,7,2
CHA,1996,0,0,0,4,1
CHA,2000,0,0,0,3,1
CHA,2004,0,0,0,1,1
CHA,2008,0,0,0,2,1
CHA,2012,0,0,0,2,2
CHA,2016,0,0,0,2,1
CHA,2020,0,0,0,3,3
CHA,2024,0,0,0,3,3
CHI,1912,0,0,0,16,4
CHI,1920,0,0,0,2,1
CHI,1924,0,0,0,12,5
CHI,1928,0,1,0,22,6
CHI,1936,0,0,0,27,8
CHI,1948,0,0,0,31,9
CHI,1952,0,4,0,33,9
CHI,1956,0,2,2,22,8
CHI,1960,0,0,0,8,3
CHI,1964,0,0,0,13,6
CHI,1968,0,0,0,19,4
CHI,1972,0,0,0,9,5
CHI,1976,0,0,0,8,4
CHI,1984,0,0,0,25,8
CHI,1988,0,1,0,14,6
CHI,1992,0,0,0,12,7
CHI,1996,0,0,0,18,10
CHI,2000,0,0,17,28,14
CHI,2004,3,0,1,25,11
CHI,2008,0,1,0,26,14
CHI,2012,0,0,0,36,17
CHI,2016,0,0,0,36,16
CHI,2020,0,0,0,34,25
CHI,2024,1,1,0,34,22
CHN,1932,0,0,0,2,1
CHN,1936,0,0,0,27,7
CHN,1948,0,0,0,12,6
CHN,1952,0,0,0,1,1
CHN,1984,24,13,37,105,19
CHN,1988,6,16,30,150,25
CHN,1992,18,45,19,144,23
CHN,1996,19,70,17,155,25
CHN,2000,39,23,17,163,28
CHN,2004,52,27,15,204,31
CHN,2008,74,53,57,257,34
CHN,2012,56,40,29,206,29
CHN,2016,46,30,37,209,32
CHN,2020,59,49,33,210,41
CHN,2024,71,57,40,211,42
CIV,1964,0,0,0,10,2
CIV,1968,0,0,0,7,2
CIV,1972,0,0,0,7,2
CIV,1976,0,0,0,8,1
CIV,1984,0,1,0,14,4
CIV,1988,0,0,0,10,5
CIV,1992,0,0,0,11,3
CIV,1996,0,0,0,8,4
CIV,2000,0,0,0,12,5
CIV,2004,0,0,0,5,3
CIV,2008,0,0,0,7,5
CIV,2012,0,0,0,10,6
CIV,2016,1,0,1,12,6
CIV,2020,0,0,1,11,6
CIV,2024,0,0,1,11,4
CMR,1964,0,0,0,2,1
CMR,1968,0,1,0,5,2
CMR,1972,0,0,0,12,3
CMR,1976,0,0,0,1,1
CMR,1980,0,0,0,23,5
CMR,1984,0,0,1,32,6
CMR,1988,0,0,0,21,4
CMR,1992,0,0,0,9,2
CMR,1996,0,0,0,13,5
CMR,2000,18,0,0,14,4
CMR,2004,1,0,0,15,5
CMR,2008,1,0,0,16,9
CMR,2012,0,0,0,16,9
CMR,2016,0,0,0,13,6
CMR,2020,0,0,0,12,7
CMR,2024,0,0,0,6,4
COD,1968,0,0,0,2,1
COD,1984,0,0,0,9,2
COD,1988,0,0,0,15,3
COD,1992,0,0,0,14,4
COD,1996,0,0,0,2,2
COD,2000,0,0,0,3,1
COD,2004,0,0,0,4,2
COD,2008,0,0,0,5,4
COD,2012,0,0,0,4,3
COD,2016,0,0,0,4,3
COD,2020,0,0,0,7,4
COD,2024,0,0,0,6,4
COK,1988,0,0,0,8,3
COK,1992,0,0,0,2,2
COK,1996,0,0,0,3,3
COK,2000,0,0,0,2,2
COK,2004,0,0,0,3,2
COK,2008,0,0,0,4,3
COK,2012,0,0,0,9,5
COK,2016,0,0,0,9,5
COK,2020,0,0,0,9,4
COK,2024,0,0,0,2,2
COL,1900,0,1,0,1,1
COL,1932,0,0,0,2,2
COL,1936,0,0,0,5,1
COL,1948,0,0,0,6,3
COL,1956,0,0,0,23,6
COL,1960,0,0,0,13,5
COL,1964,0,0,0,19,6
COL,1968,0,0,0,33,5
COL,1972,0,1,2,39,8
COL,1976,0,0,0,30,7
COL,1980,0,0,0,7,3
COL,1984,0,1,0,34,8
COL,1988,0,0,1,34,10
COL,1992,0,0,1,31,11
COL,1996,0,0,0,44,9
COL,2000,1,0,0,45,13
COL,2004,0,0,2,59,15
COL,2008,0,1,1,74,16
COL,2012,1,3,4,81,19
COL,2016,3,2,3,85,21
COL,2020,0,4,1,56,20
COL,2024,0,3,1,61,24
COM,1996,0,0,0,4,1
COM,2000,0,0,0,2,1
COM,2004,0,0,0,3,2
COM,2008,0,0,0,3,2
COM,2012,0,0,0,3,2
COM,2016,0,0,0,4,2
COM,2020,0,0,0,3,2
COM,2024,0,0,0,5,3
CPV,1996,0,0,0,3,1
CPV,2000,0,0,0,2,1
CPV,2004,0,0,0,3,3
CPV,2008,0,0,0,2,2
CPV,2012,0,0,0,3,2
CPV,2016,0,0,0,5,4
CPV,2020,0,0,0,6,5
CPV,2024,0,0,1,7,5
CRC,1936,0,0,0,1,1
CRC,1964,0,0,0,1,1
CRC,1968,0,0,0,18,6
CRC,1972,0,0,0,4,3
CRC,1976,0,0,0,9,4
CRC,1980,0,0,0,18,5
CRC,1984,0,0,0,16,5
CRC,1988,0,1,0,18,6
CRC,1992,0,0,0,18,6
CRC,1996,1,0,0,13,6
CRC,2000,0,0,2,9,5
CRC,2004,0,0,0,8,6
CRC,2008,0,0,0,8,4
CRC,2012,0,0,0,11,6
CRC,2016,0,0,0,11,6
CRC,2020,0,0,0,17,8
CRC,2024,0,0,0,6,5
CRO,1992,0,12,3,23,11
CRO,1996,16,12,0,57,14
CRO,2000,1,0,9,53,12
CRO,2004,15,3,3,57,14
CRO,2008,0,2,3,66,15
CRO,2012,15,4,16,53,17
CRO,2016,7,15,2,47,18
CRO,2020,5,4,2,47,17
CRO,2024,3,14,3,43,16
CRT,1906,0,0,0,5,2
CUB,1900,1,1,0,2,1
CUB,1904,5,0,0,5,2
CUB,1924,0,0,0,3,2
CUB,1928,0,0,0,1,1
CUB,1932,0,0,0,1,1
CUB,1948,0,2,0,31,12
CUB,1952,0,0,0,23,8
CUB,1956,0,0,0,16,5
CUB,1960,0,0,0,15,8
CUB,1964,0,1,0,24,6
CUB,1968,0,10,0,78,13
CUB,1972,3,1,18,69,14
CUB,1976,6,4,14,76,14
CUB,1980,8,7,5,92,19
CUB,1992,42,13,14,90,16
CUB,1996,37,8,10,84,15
CUB,2000,18,35,12,135,24
CUB,2004,32,8,22,108,18
CUB,2008,2,34,11,102,18
CUB,2012,5,3,6,86,14
CUB,2016,5,2,4,99,19
CUB,2020,8,3,5,64,15
CUB,2024,2,1,6,52,16
CYP,1980,0,0,0,13,3
CYP,1984,0,0,0,9,4
CYP,1988,0,0,0,10,4
CYP,1992,0,0,0,17,8
CYP,1996,0,0,0,16,5
CYP,2000,0,0,0,20,4
CYP,2004,0,0,0,20,7
CYP,2008,0,0,0,17,6
CYP,2012,0,1,0,12,7
CYP,2016,0,0,0,19,6
CYP,2020,0,0,0,22,6
CYP,2024,0,1,0,23,9
CZE,1996,4,5,4,110,17
CZE,2000,2,3,4,96,20
CZE,2004,1,6,6,104,20
CZE,2008,3,4,0,105,21
CZE,2012,4,4,6,99,21
CZE,2016,1,2,12,92,20
CZE,2020,5,4,4,89,26
CZE,2024,4,0,5,94,27
DEN,1896,1,2,3,12,5
DEN,1900,4,3,2,14,5
DEN,1906,14,19,1,24,8
DEN,1908,0,14,3,27,8
DEN,1912,5,49,33,46,13
DEN,1920,26,44,1,66,14
DEN,1924,2,9,3,60,13
DEN,1928,6,5,4,55,14
DEN,1932,0,7,4,34,9
DEN,1936,0,3,3,71,14
DEN,1948,7,17,27,83,17
DEN,1952,3,1,5,73,15
DEN,1956,1,4,1,29,11
DEN,1960,2,17,4,46,15
DEN,1964,7,1,4,40,10
DEN,1968,5,6,6,53,11
DEN,1972,1,0,0,73,17
DEN,1976,3,0,5,40,15
DEN,1980,4,2,2,30,13
DEN,1984,0,3,10,33,11
DEN,1988,3,1,3,73,15
DEN,1992,3,2,9,67,14
DEN,1996,21,1,1,66,14
DEN,2000,18,3,4,55,16
DEN,2004,19,1,9,59,16
DEN,2008,6,7,6,62,16
DEN,2012,3,5,8,69,17
DEN,2016,15,10,16,67,16
DEN,2020,4,24,5,63,19
DEN,2024,17,5,19,60,24
DJI,1984,0,0,0,1,1
DJI,1988,0,0,1,5,2
DJI,1992,0,0,0,7,3
DJI,1996,0,0,0,4,2
DJI,2000,0,0,0,2,1
DJI,2008,0,0,0,2,1
DJI,2012,0,0,0,4,3
DJI,2016,0,0,0,7,3
DJI,2020,0,0,0,5,3
DJI,2024,0,0,0,6,3
DMA,1996,0,0,0,6,2
DMA,2000,0,0,0,4,2
DMA,2004,0,0,0,2,1
DMA,2008,0,0,0,2,1
DMA,2012,0,0,0,2,1
DMA,2016,0,0,0,2,1
DMA,2020,0,0,0,2,1
DMA,2024,1,0,0,4,2
DOM,1964,0,0,0,1,1
DOM,1968,0,0,0,16,5
DOM,1972,0,0,0,4,3
DOM,1976,0,0,0,10,3
DOM,1980,0,0,0,7,4
DOM,1984,0,0,1,20,7
DOM,1988,0,0,0,15,5
DOM,1992,0,0,0,13,5
DOM,1996,0,0,0,16,7
DOM,2000,0,0,0,13,5
DOM,2004,1,0,0,22,9
DOM,2008,1,1,0,21,9
DOM,2012,1,1,0,21,10
DOM,2016,0,0,1,22,11
DOM,2020,0,7,25,31,11
DOM,2024,1,0,2,27,13
ECU,1924,0,0,0,4,1
ECU,1968,0,0,0,21,6
ECU,1972,0,0,0,4,2
ECU,1976,0,0,0,8,4
ECU,1980,0,0,0,13,5
ECU,1984,0,0,0,14,6
ECU,1988,0,0,0,15,6
ECU,1992,0,0,0,15,6
ECU,1996,1,0,0,18,7
ECU,2000,0,0,0,11,5
ECU,2004,0,0,0,15,7
ECU,2008,0,1,0,23,9
ECU,2012,0,0,0,34,11
ECU,2016,0,0,0,29,12
ECU,2020,2,1,0,35,17
ECU,2024,1,3,2,32,14
EGY,1906,0,0,0,5,3
EGY,1920,0,0,0,11,6
EGY,1924,0,0,0,12,9
EGY,1928,2,1,1,14,5
EGY,1936,2,1,2,30,10
EGY,1948,2,2,1,53,12
EGY,1952,0,0,1,65,14
EGY,1956,0,0,0,2,1
EGY,1964,0,0,0,35,9
EGY,1968,0,0,0,18,7
EGY,1972,0,0,0,16,5
EGY,1976,0,0,0,7,4
EGY,1984,0,1,0,74,15
EGY,1988,0,0,0,36,12
EGY,1992,0,0,0,32,13
EGY,1996,0,0,0,17,8
EGY,2000,0,0,0,64,20
EGY,2004,1,1,3,48,17
EGY,2008,0,0,1,68,19
EGY,2012,0,2,0,87,21
EGY,2016,0,0,3,87,23
EGY,2020,1,1,4,94,27
EGY,2024,1,1,1,89,26
EOR,2020,0,0,0,30,12
EOR,2024,0,0,1,39,13
ERI,2000,0,0,0,3,1
ERI,2004,0,0,1,3,1
ERI,2008,0,0,0,6,1
ERI,2012,0,0,0,7,2
ERI,2016,0,0,0,6,2
ERI,2020,0,0,0,10,3
ERI,2024,0,0,0,9,3
ESA,1932,0,0,0,1,1
ESA,1968,0,0,0,48,7
ESA,1972,0,0,0,12,2
ESA,1984,0,0,0,15,5
ESA,1988,0,0,0,7,4
ESA,1992,0,0,0,6,3
ESA,1996,0,0,0,10,5
ESA,2000,0,0,0,10,7
ESA,2004,0,0,0,9,6
ESA,2008,0,0,0,14,9
ESA,2012,0,0,0,11,7
ESA,2016,0,0,0,10,6
ESA,2020,0,0,0,7,4
ESA,2024,0,0,0,9,7
ESP,1900,2,0,0,7,4
ESP,1920,0,23,0,29,7
ESP,1924,0,0,0,44,15
ESP,1928,3,0,0,34,10
ESP,1932,0,0,1,4,3
ESP,1948,0,3,0,37,11
ESP,1952,0,1,0,21,7
ESP,1956,0,0,0,4,1
ESP,1960,0,0,14,83,16
ESP,1964,0,0,0,35,9
ESP,1968,0,0,0,50,12
ESP,1972,0,0,1,59,17
ESP,1976,0,6,0,68,14
ESP,1980,2,19,3,75,18
ESP,1984,2,14,3,104,23
ESP,1988,1,2,2,130,24
ESP,1992,48,19,2,195,29
ESP,1996,23,21,22,157,22
ESP,2000,3,19,20,165,27
ESP,2004,4,17,9,155,27
ESP,2008,7,47,16,147,29
ESP,2012,5,33,25,135,27
ESP,2016,9,19,17,146,28
ESP,2020,4,44,22,146,36
ESP,2024,40,7,36,150,39
EST,1920,1,2,0,19,3
EST,1924,1,1,4,26,5
EST,1928,2,1,6,19,5
EST,1932,0,0,0,3,2
EST,1936,2,2,3,29,8
EST,1992,1,0,2,35,13
EST,1996,0,0,0,36,13
EST,2000,1,0,2,29,11
EST,2004,0,1,2,34,10
EST,2008,1,2,0,42,13
EST,2012,0,1,1,30,11
EST,2016,0,0,4,31,13
EST,2020,4,0,1,28,15
EST,2024,0,0,0,21,14
ETH,1956,0,0,0,10,2
ETH,1960,1,0,0,8,2
ETH,1964,1,0,0,11,3
ETH,1968,1,1,0,13,3
ETH,1972,0,0,2,20,3
ETH,1980,2,0,2,26,3
ETH,1992,1,0,2,11,2
ETH,1996,2,0,1,10,2
ETH,2000,4,1,3,11,2
ETH,2004,2,3,2,12,2
ETH,2008,4,1,2,10,1
ETH,2012,3,1,3,14,2
ETH,2016,1,2,5,16,3
ETH,2020,1,1,2,15,4
ETH,2024,1,3,0,13,2
EUN,1992,92,61,67,234,27
FIJ,1956,0,0,0,4,3
FIJ,1960,0,0,0,3,1
FIJ,1968,0,0,0,1,1
FIJ,1972,0,0,0,4,1
FIJ,1976,0,0,0,5,1
FIJ,1984,0,0,0,22,5
FIJ,1988,0,0,0,31,5
FIJ,1992,0,0,0,32,4
FIJ,1996,0,0,0,14,5
FIJ,2000,0,0,0,9,5
FIJ,2004,0,0,0,9,6
FIJ,2008,0,0,0,6,5
FIJ,2012,0,0,0,9,6
FIJ,2016,13,0,0,14,10
FIJ,2020,13,0,13,8,6
FIJ,2024,0,14,0,11,7
FIN,1906,2,1,1,11,2
FIN,1908,1,1,28,23,6
FIN,1912,9,40,22,49,10
FIN,1920,21,14,17,51,9
FIN,1924,24,13,15,69,12
FIN,1928,8,8,9,48,11
FIN,1932,5,8,16,36,5
FIN,1936,8,6,13,70,14
FIN,1948,17,8,8,84,16
FIN,1952,8,3,29,139,18
FIN,1956,3,1,22,67,15
FIN,1960,1,1,4,92,14
FIN,1964,3,0,2,64,13
FIN,1968,1,2,1,61,13
FIN,1972,3,1,6,75,16
FIN,1976,4,2,0,63,14
FIN,1980,3,1,5,71,16
FIN,1984,4,2,6,76,15
FIN,1988,1,1,2,66,15
FIN,1992,1,4,2,85,16
FIN,1996,1,2,1,74,15
FIN,2000,3,1,1,64,16
FIN,2004,0,2,0,53,12
FIN,2008,1,2,2,55,14
FIN,2012,0,1,4,61,14
FIN,2016,0,0,1,55,17
FIN,2020,0,0,2,37,11
FIN,2024,0,0,0,46,14
FRA,1896,5,4,2,18,6
FRA,1900,52,101,82,81,19
FRA,1904,0,2,0,2,1
FRA,1906,20,16,28,51,11
FRA,1908,12,5,23,54,13
FRA,1912,10,11,5,66,13
FRA,1920,13,71,57,113,23
FRA,1924,37,51,22,128,20
FRA,1928,12,24,14,112,17
FRA,1932,26,8,6,57,13
FRA,1936,13,13,18,100,18
FRA,1948,26,22,24,135,20
FRA,1952,14,9,17,131,18
FRA,1956,7,13,13,101,16
FRA,1960,0,6,6,120,19
FRA,1964,1,13,17,89,14
FRA,1968,12,5,10,107,16
FRA,1972,2,5,15,132,18
FRA,1976,5,7,8,128,18
FRA,1980,18,5,6,85,13
FRA,1984,20,16,31,139,21
FRA,1988,12,4,13,167,23
FRA,1992,9,5,43,196,25
FRA,1996,21,10,20,183,25
FRA,2000,22,30,14,196,28
FRA,2004,21,10,22,193,27
FRA,2008,25,24,28,205,25
FRA,2012,30,30,22,188,28
FRA,2016,20,55,21,202,32
FRA,2020,65,42,34,194,41
FRA,2024,53,95,39,223,46
FRG,1968,17,16,18,154,17
FRG,1972,44,19,39,183,23
FRG,1976,21,25,32,163,20
FRG,1984,30,75,53,194,25
FRG,1988,32,37,46,194,24
FSM,2000,0,0,0,5,3
FSM,2004,0,0,0,5,3
FSM,2008,0,0,0,5,3
FSM,2012,0,0,0,6,4
FSM,2016,0,0,0,5,3
FSM,2020,0,0,0,3,2
FSM,2024,0,0,0,3,2
GAB,1972,0,0,0,1,1
GAB,1984,0,0,0,4,2
GAB,1988,0,0,0,2,2
GAB,1992,0,0,0,5,3
GAB,1996,0,0,0,6,3
GAB,2000,0,0,0,6,3
GAB,2004,0,0,0,5,3
GAB,2008,0,0,0,4,3
GAB,2012,0,1,0,7,5
GAB,2016,0,0,0,6,4
GAB,2020,0,0,0,5,4
GAB,2024,0,0,0,5,4
GAM,1984,0,0,0,9,1
GAM,1988,0,0,0,6,2
GAM,1992,0,0,0,5,1
GAM,1996,0,0,0,6,1
GAM,2000,0,0,0,2,1
GAM,2004,0,0,0,3,1
GAM,2008,0,0,0,3,2
GAM,2012,0,0,0,2,1
GAM,2016,0,0,0,4,3
GAM,2020,0,0,0,5,3
GAM,2024,0,0,0,8,4
GBR,1896,3,3,3,19,7
GBR,1900,59,34,15,39,16
GBR,1904,1,1,0,4,3
GBR,1906,9,22,8,42,9
GBR,1908,147,131,90,108,24
GBR,1912,47,64,59,79,16
GBR,1920,52,42,17,84,21
GBR,1924,15,30,19,115,18
GBR,1928,7,27,24,84,14
GBR,1932,9,12,14,50,10
GBR,1936,12,16,8,91,17
GBR,1948,7,42,12,139,20
GBR,1952,3,2,26,127,18
GBR,1956,8,16,22,113,18
GBR,1960,2,11,15,130,17
GBR,1964,4,19,5,124,17
GBR,1968,9,5,5,133,16
GBR,1972,8,9,12,159,18
GBR,1976,6,15,11,148,17
GBR,1980,5,18,24,145,14
GBR,1984,9,20,42,190,20
GBR,1988,22,17,15,191,22
GBR,1992,8,3,39,203,23
GBR,1996,2,15,9,175,22
GBR,2000,22,20,12,179,23
GBR,2004,17,25,15,162,24
GBR,2008,31,25,25,185,23
GBR,2012,48,30,48,249,32
GBR,2016,64,55,26,198,26
GBR,2020,41,43,57,197,35
GBR,2024,39,41,76,174,33
GBS,1996,0,0,0,3,2
GBS,2000,0,0,0,3,2
GBS,2004,0,0,0,3,2
GBS,2008,0,0,0,3,2
GBS,2012,0,0,0,4,2
GBS,2016,0,0,0,5,3
GBS,2020,0,0,0,4,3
GBS,2024,0,0,0,6,5
GDR,1968,13,20,19,124,18
GDR,1972,30,64,57,161,18
GDR,1976,102,51,42,139,17
GDR,1980,115,88,61,167,17
GDR,1988,79,54,48,157,16
GEO,1996,0,0,2,39,13
GEO,2000,0,0,6,41,12
GEO,2004,2,2,0,38,10
GEO,2008,3,0,3,35,11
GEO,2012,1,3,3,35,10
GEO,2016,2,1,4,40,12
GEO,2020,2,5,1,35,11
GEO,2024,3,3,1,30,9
GEQ,1984,0,0,0,5,1
GEQ,1988,0,0,0,7,1
GEQ,1992,0,0,0,8,1
GEQ,1996,0,0,0,5,1
GEQ,2000,0,0,0,4,2
GEQ,2004,0,0,0,2,1
GEQ,2008,0,0,0,3,2
GEQ,2012,0,0,0,2,1
GEQ,2016,0,0,0,1,1
GEQ,2020,0,0,0,3,2
GEQ,2024,0,0,0,3,2
GER,1896,25,5,2,27,6
GER,1900,14,20,11,27,10
GER,1904,4,5,7,25,9
GER,1906,14,10,6,41,9
GER,1908,4,11,6,41,12
GER,1912,11,19,23,69,14
GER,1928,21,15,41,95,16
GER,1932,10,26,7,67,15
GER,1936,93,70,61,143,22
GER,1952,0,14,26,123,18
GER,1956,9,20,23,100,16
GER,1960,34,33,22,148,17
GER,1964,22,44,50,159,19
GER,1992,81,57,60,237,26
GER,1996,42,35,47,234,26
GER,2000,31,23,64,234,29
GER,2004,41,45,63,228,29
GER,2008,42,16,41,207,30
GER,2012,45,27,22,213,27
GER,2016,49,43,67,217,29
GER,2020,21,26,34,206,37
GER,2024,21,49,38,196,42
GHA,1952,0,0,0,5,1
GHA,1960,0,1,0,12,2
GHA,1964,0,0,1,18,3
GHA,1968,0,0,0,18,3
GHA,1972,0,0,1,17,3
GHA,1984,0,0,0,17,2
GHA,1988,0,0,0,13,3
GHA,1992,0,0,20,13,4
GHA,1996,0,0,0,15,4
GHA,2000,0,0,0,13,2
GHA,2004,0,0,0,9,2
GHA,2008,0,0,0,9,2
GHA,2012,0,0,0,7,4
GHA,2016,0,0,0,12,5
GHA,2020,0,0,1,11,5
GHA,2024,0,0,0,5,2
GRE,1896,10,18,20,39,9
GRE,1900,0,0,0,3,2
GRE,1904,1,0,1,5,3
GRE,1906,24,48,30,70,13
GRE,1908,0,3,1,25,3
GRE,1912,1,0,1,25,5
GRE,1920,0,5,0,34,8
GRE,1924,1,0,0,37,9
GRE,1928,0,0,0,26,4
GRE,1932,0,0,0,12,3
GRE,1936,0,0,0,34,7
GRE,1948,0,0,0,44,10
GRE,1952,0,0,0,24,7
GRE,1956,0,0,1,13,5
GRE,1960,3,0,0,38,8
GRE,1964,0,0,0,16,4
GRE,1968,0,0,1,27,7
GRE,1972,0,2,0,46,9
GRE,1976,0,0,0,34,8
GRE,1980,1,0,4,31,8
GRE,1984,0,1,1,49,11
GRE,1988,0,0,1,43,12
GRE,1992,2,0,0,53,17
GRE,1996,4,4,0,94,18
GRE,2000,4,6,8,114,23
GRE,2004,8,18,5,215,33
GRE,2008,0,3,4,105,23
GRE,2012,0,0,3,76,20
GRE,2016,3,1,3,65,16
GRE,2020,2,13,1,58,20
GRE,2024,1,1,8,54,17
GRN,1984,0,0,0,6,2
GRN,1988,0,0,0,7,2
GRN,1992,0,0,0,5,1
GRN,1996,0,0,0,2,1
GRN,2000,0,0,0,3,2
GRN,2004,0,0,0,5,2
GRN,2008,0,0,0,8,2
GRN,2012,1,0,0,8,3
GRN,2016,0,1,0,4,2
GRN,2020,0,0,1,6,2
GRN,2024,0,0,2,6,2
GUA,1932,0,0,0,1,1
GUA,1952,0,0,0,26,6
GUA,1968,0,0,0,37,8
GUA,1972,0,0,0,10,3
GUA,1976,0,0,0,8,5
GUA,1980,0,0,0,7,5
GUA,1984,0,0,0,40,9
GUA,1988,0,0,0,16,8
GUA,1992,0,0,0,27,7
GUA,1996,0,0,0,20,11
GUA,2000,0,0,0,14,7
GUA,2004,0,0,0,17,8
GUA,2008,0,0,0,12,9
GUA,2012,0,1,0,21,11
GUA,2016,0,0,0,19,10
GUA,2020,0,0,0,17,10
GUA,2024,1,0,1,14,7
GUI,1968,0,0,0,1,1
GUI,1980,0,0,0,10,3
GUI,1984,0,0,0,1,1
GUI,1988,0,0,0,7,3
GUI,1992,0,0,0,11,2
GUI,1996,0,0,0,5,2
GUI,2000,0,0,0,6,4
GUI,2004,0,0,0,4,3
GUI,2008,0,0,0,5,3
GUI,2012,0,0,0,4,3
GUI,2016,0,0,0,5,3
GUI,2020,0,0,0,5,4
GUI,2024,0,0,0,7,5
GUM,1988,0,0,0,22,7
GUM,1992,0,0,0,27,8
GUM,1996,0,0,0,9,4
GUM,2000,0,0,0,7,5
GUM,2004,0,0,0,4,3
GUM,2008,0,0,0,7,5
GUM,2012,0,0,0,8,5
GUM,2016,0,0,0,5,3
GUM,2020,0,0,0,5,4
GUM,2024,0,0,0,9,6
GUY,1948,0,0,0,7,3
GUY,1952,0,0,0,1,1
GUY,1956,0,0,0,6,2
GUY,1960,0,0,0,6,2
GUY,1964,0,0,0,1,1
GUY,1968,0,0,0,6,4
GUY,1972,0,0,0,4,2
GUY,1980,0,0,1,10,3
GUY,1984,0,0,0,12,3
GUY,1988,0,0,0,8,3
GUY,1992,0,0,0,7,3
GUY,1996,0,0,0,6,2
GUY,2000,0,0,0,4,1
GUY,2004,0,0,0,4,3
GUY,2008,0,0,0,4,2
GUY,2012,0,0,0,6,3
GUY,2016,0,0,0,7,2
GUY,2020,0,0,0,7,4
GUY,2024,0,0,0,5,3
HAI,1900,1,0,0,4,2
HAI,1924,0,0,5,9,2
HAI,1928,0,1,0,3,1
HAI,1932,0,0,0,3,2
HAI,1960,0,0,0,1,1
HAI,1972,0,0,0,7,1
HAI,1976,0,0,0,14,2
HAI,1984,0,0,0,2,2
HAI,1988,0,0,0,5,2
HAI,1992,0,0,0,8,2
HAI,1996,0,0,0,7,4
HAI,2000,0,0,0,5,3
HAI,2004,0,0,0,8,4
HAI,2008,0,0,0,7,3
HAI,2012,0,0,0,5,2
HAI,2016,0,0,0,10,7
HAI,2020,0,0,0,6,5
HAI,2024,0,0,0,12,5
HKG,1952,0,0,0,6,1
HKG,1956,0,0,0,3,1
HKG,1960,0,0,0,3,2
HKG,1964,0,0,0,24,7
HKG,1968,0,0,0,12,3
HKG,1972,0,0,0,13,5
HKG,1976,0,0,0,27,6
HKG,1984,0,0,0,47,10
HKG,1988,0,0,0,49,11
HKG,1992,0,0,0,39,11
HKG,1996,1,0,0,25,10
HKG,2000,0,0,0,34,9
HKG,2004,0,2,0,29,10
HKG,2008,0,0,0,33,11
HKG,2012,0,0,1,44,13
HKG,2016,0,0,0,32,9
HKG,2020,1,2,5,35,15
HKG,2024,2,0,2,32,13
HON,1968,0,0,0,4,1
HON,1976,0,0,0,2,1
HON,1984,0,0,0,20,3
HON,1988,0,0,0,15,3
HON,1992,0,0,0,25,4
HON,1996,0,0,0,7,4
HON,2000,0,0,0,4,3
HON,2004,0,0,0,5,4
HON,2008,0,0,0,8,5
HON,2012,0,0,0,10,8
HON,2016,0,0,0,8,7
HON,2020,0,0,0,7,5
HON,2024,0,0,0,4,3
HUN,1896,2,1,3,14,6
HUN,1900,1,2,2,21,4
HUN,1904,2,1,1,9,2
HUN,1906,5,5,3,41,7
HUN,1908,7,7,6,37,8
HUN,1912,10,17,3,52,11
HUN,1924,2,12,8,54,12
HUN,1928,10,11,0,63,12
HUN,1932,20,5,8,39,11
HUN,1936,25,1,15,104,21
HUN,1948,15,25,22,76,15
HUN,1952,53,17,32,107,15
HUN,1956,30,20,14,82,13
HUN,1960,13,16,37,107,18
HUN,1964,42,7,7,111,17
HUN,1968,32,20,29,116,15
HUN,1972,10,46,25,134,20
HUN,1976,14,6,35,109,17
HUN,1980,8,13,40,151,21
HUN,1988,20,9,15,135,20
HUN,1992,14,23,8,156,23
HUN,1996,8,9,26,145,24
HUN,2000,25,24,4,137,23
HUN,2004,24,12,4,138,20
HUN,2008,16,8,3,126,20
HUN,2012,12,8,6,111,21
HUN,2016,12,3,7,113,20
HUN,2020,9,7,35,110,25
HUN,2024,9,12,9,114,24
INA,1952,0,0,0,3,3
INA,1956,0,0,0,11,6
INA,1960,0,0,0,17,8
INA,1968,0,0,0,5,2
INA,1972,0,0,0,7,5
INA,1976,0,0,0,11,5
INA,1984,0,0,0,16,6
INA,1988,0,3,0,32,11
INA,1992,2,3,1,31,10
INA,1996,2,1,3,23,11
INA,2000,2,4,2,32,12
INA,2004,1,1,3,27,14
INA,2008,2,2,3,17,7
INA,2012,0,1,1,16,8
INA,2016,2,2,0,20,7
INA,2020,2,1,3,23,8
INA,2024,2,0,1,25,12
IND,1900,0,2,0,5,1
IND,1920,0,0,0,6,2
IND,1924,0,0,0,13,2
IND,1928,14,0,0,10,2
IND,1932,15,0,0,8,3
IND,1936,19,0,0,12,4
IND,1948,20,0,0,39,10
IND,1952,14,0,1,42,11
IND,1956,17,0,0,32,8
IND,1960,0,13,0,20,6
IND,1964,15,0,0,42,8
IND,1968,0,0,16,11,5
IND,1972,0,0,14,27,7
IND,1976,0,0,0,10,5
IND,1980,16,0,0,30,8
IND,1984,0,0,0,30,7
IND,1988,0,0,0,27,11
IND,1992,0,0,0,36,12
IND,1996,0,0,1,31,13
IND,2000,0,0,1,38,13
IND,2004,0,1,0,43,14
IND,2008,1,0,2,48,12
IND,2012,0,2,4,55,13
IND,2016,0,1,1,67,15
IND,2020,1,2,21,72,18
IND,2024,0,1,21,63,16
IOA,1992,0,1,2,54,13
IOA,2000,0,0,0,4,3
IOA,2012,0,0,0,4,3
IOA,2016,1,0,1,6,3
IRI,1900,0,0,0,1,1
IRI,1948,0,0,1,23,5
IRI,1952,0,3,4,22,4
IRI,1956,2,2,1,17,3
IRI,1960,0,1,3,24,5
IRI,1964,0,0,2,58,11
IRI,1968,2,1,2,14,3
IRI,1972,0,2,1,33,7
IRI,1976,0,1,1,50,9
IRI,1988,0,1,0,21,3
IRI,1992,0,1,2,36,6
IRI,1996,1,1,1,18,6
IRI,2000,3,0,1,33,12
IRI,2004,2,2,2,35,10
IRI,2008,1,0,1,40,12
IRI,2012,4,5,3,51,13
IRI,2016,3,1,4,46,15
IRI,2020,3,2,2,44,17
IRI,2024,3,6,3,38,14
IRL,1924,0,1,1,29,6
IRL,1928,1,0,0,27,6
IRL,1932,2,0,0,10,3
IRL,1948,0,0,1,34,10
IRL,1952,0,1,0,18,6
IRL,1956,1,1,3,17,5
IRL,1960,0,0,0,39,8
IRL,1964,0,0,1,23,7
IRL,1968,0,0,0,32,7
IRL,1972,0,0,0,54,12
IRL,1976,0,0,0,34,10
IRL,1980,0,2,1,38,11
IRL,1984,0,1,0,35,10
IRL,1988,0,0,0,47,12
IRL,1992,1,1,0,47,12
IRL,1996,3,0,1,70,13
IRL,2000,0,1,0,52,10
IRL,2004,0,0,0,31,9
IRL,2008,0,1,2,43,12
IRL,2012,1,1,3,54,14
IRL,2016,0,3,0,57,14
IRL,2020,3,0,5,76,20
IRL,2024,4,0,3,75,17
IRQ,1948,0,0,0,4,2
IRQ,1960,0,0,1,23,5
IRQ,1964,0,0,0,14,3
IRQ,1968,0,0,0,4,3
IRQ,1980,0,0,0,26,5
IRQ,1984,0,0,0,11,4
IRQ,1988,0,0,0,13,5
IRQ,1992,0,0,0,8,3
IRQ,1996,0,0,0,3,3
IRQ,2000,0,0,0,4,2
IRQ,2004,0,0,0,8,7
IRQ,2008,0,0,0,3,2
IRQ,2012,0,0,0,8,7
IRQ,2016,0,0,0,5,5
IRQ,2020,0,0,0,3,3
IRQ,2024,0,0,0,5,5
ISL,1908,0,0,0,1,1
ISL,1912,0,0,0,2,2
ISL,1936,0,0,0,6,2
ISL,1948,0,0,0,18,3
ISL,1952,0,0,0,11,1
ISL,1956,0,1,0,2,1
ISL,1960,0,0,0,11,2
ISL,1964,0,0,0,5,2
ISL,1968,0,0,0,15,3
ISL,1972,0,0,0,16,4
ISL,1976,0,0,0,22,4
ISL,1980,0,0,0,11,3
ISL,1984,0,0,1,17,5
ISL,1988,0,0,0,25,5
ISL,1992,0,0,0,15,6
ISL,1996,0,0,0,15,5
ISL,2000,0,0,1,28,5
ISL,2004,0,0,0,20,5
ISL,2008,0,14,0,18,5
ISL,2012,0,0,0,20,6
ISL,2016,0,0,0,14,4
ISL,2020,0,0,0,5,3
ISL,2024,0,0,0,7,4
ISR,1952,0,0,0,17,5
ISR,1956,0,0,0,3,3
ISR,1960,0,0,0,28,7
ISR,1964,0,0,0,12,3
ISR,1968,0,0,0,20,4
ISR,1972,0,0,0,14,7
ISR,1976,0,0,0,19,10
ISR,1984,0,0,0,46,11
ISR,1988,0,0,0,20,8
ISR,1992,0,1,1,42,10
ISR,1996,0,0,1,26,10
ISR,2000,0,0,1,43,9
ISR,2004,1,0,1,41,14
ISR,2008,0,0,1,47,12
ISR,2012,0,0,0,41,10
ISR,2016,0,0,2,45,16
ISR,2020,2,0,12,68,19
ISR,2024,1,9,1,68,20
ISV,1968,0,0,0,5,3
ISV,1972,0,0,0,9,4
ISV,1976,0,0,0,21,6
ISV,1984,0,0,0,31,7
ISV,1988,0,1,0,27,6
ISV,1992,0,0,0,29,7
ISV,1996,0,0,0,11,5
ISV,2000,0,0,0,12,5
ISV,2004,0,0,0,9,4
ISV,2008,0,0,0,8,5
ISV,2012,0,0,0,7,3
ISV,2016,0,0,0,7,4
ISV,2020,0,0,0,5,3
ISV,2024,0,0,0,5,4
ITA,1896,0,0,0,1,1
ITA,1900,3,2,0,17,6
ITA,1904,0,0,0,1,1
ITA,1906,21,8,27,37,9
ITA,1908,2,6,0,30,8
ITA,1912,22,1,2,36,8
ITA,1920,67,9,8,79,18
ITA,1924,25,5,21,93,18
ITA,1928,24,22,26,81,15
ITA,1932,21,38,18,61,13
ITA,1936,37,34,5,99,17
ITA,1948,21,32,14,89,16
ITA,1952,17,22,15,114,19
ITA,1956,26,11,10,80,14
ITA,1960,36,18,34,138,19
ITA,1964,14,28,9,91,18
ITA,1968,5,8,20,103,17
ITA,1972,9,3,13,123,19
ITA,1976,2,25,4,122,20
ITA,1980,8,21,8,88,19
ITA,1984,29,6,28,151,23
ITA,1988,11,10,8,140,23
ITA,1992,21,10,14,169,26
ITA,1996,19,24,28,172,27
ITA,2000,22,14,29,175,29
ITA,2004,24,41,39,175,30
ITA,2008,8,14,20,190,29
ITA,2012,16,22,30,169,28
ITA,2016,8,40,24,171,26
ITA,2020,22,17,37,198,39
ITA,2024,31,26,25,205,39
IVB,1984,0,0,0,7,2
IVB,1988,0,0,0,4,2
IVB,1992,0,0,0,2,2
IVB,1996,0,0,0,5,2
IVB,2000,0,0,0,1,1
IVB,2004,0,0,0,1,1
IVB,2008,0,0,0,2,1
IVB,2012,0,0,0,2,1
IVB,2016,0,0,0,4,2
IVB,2020,0,0,0,3,2
IVB,2024,0,0,0,4,2
JAM,1948,1,2,0,14,3
JAM,1952,5,3,0,10,2
JAM,1956,0,0,0,6,1
JAM,1964,0,0,0,16,4
JAM,1968,0,1,0,21,5
JAM,1972,0,0,1,27,6
JAM,1976,1,1,0,18,3
JAM,1980,0,0,3,15,2
JAM,1984,0,5,2,35,5
JAM,1988,0,7,0,22,5
JAM,1992,0,3,1,23,5
JAM,1996,1,3,12,29,5
JAM,2000,0,20,3,28,4
JAM,2004,6,1,6,27,4
JAM,2008,5,3,6,29,4
JAM,2012,8,9,8,25,4
JAM,2016,11,17,2,32,4
JAM,2020,9,1,11,32,6
JAM,2024,1,3,2,31,4
JOR,1980,0,0,0,3,1
JOR,1984,0,0,0,12,3
JOR,1988,0,0,0,9,5
JOR,1992,0,0,0,5,3
JOR,1996,0,0,0,5,3
JOR,2000,0,0,0,8,6
JOR,2004,0,0,0,8,5
JOR,2008,0,0,0,7,5
JOR,2012,0,0,0,9,5
JOR,2016,1,0,0,8,6
JOR,2020,0,1,1,15,8
JOR,2024,0,1,0,13,6
JPN,1912,0,0,0,4,1
JPN,1920,0,3,0,15,4
JPN,1924,0,0,1,21,4
JPN,1928,2,6,1,31,7
JPN,1932,10,17,4,66,11
JPN,1936,9,4,10,79,14
JPN,1952,1,9,2,60,13
JPN,1956,4,15,5,72,14
JPN,1960,9,10,12,96,17
JPN,1964,32,5,25,155,21
JPN,1968,16,25,22,97,18
JPN,1972,29,19,8,113,21
JPN,1976,25,6,10,119,20
JPN,1984,10,8,31,147,22
JPN,1988,4,3,13,166,23
JPN,1992,3,8,36,166,24
JPN,1996,3,26,13,168,27
JPN,2000,5,31,8,156,28
JPN,2004,21,20,52,169,31
JPN,2008,23,15,13,176,31
JPN,2012,7,44,33,178,29
JPN,2016,17,13,34,186,32
JPN,2020,68,41,22,222,46
JPN,2024,27,31,24,166,41
KAZ,1996,3,4,4,99,14
KAZ,2000,3,4,0,104,17
KAZ,2004,1,4,3,95,17
KAZ,2008,2,4,7,106,19
KAZ,2012,7,1,5,106,19
KAZ,2016,3,5,10,98,19
KAZ,2020,0,0,8,82,25
KAZ,2024,1,3,4,82,23
KEN,1956,0,0,0,10,4
KEN,1960,0,0,0,13,4
KEN,1964,0,0,1,21,5
KEN,1968,3,7,2,22,4
KEN,1972,5,3,4,29,4
KEN,1984,1,0,2,33,5
KEN,1988,5,2,2,50,7
KEN,1992,2,4,2,29,5
KEN,1996,1,4,3,27,5
KEN,2000,2,3,2,24,6
KEN,2004,1,4,2,16,4
KEN,2008,6,4,5,24,5
KEN,2012,2,4,5,23,4
KEN,2016,6,6,1,29,7
KEN,2020,4,4,2,26,7
KEN,2024,4,2,5,24,6
KGZ,1996,0,0,0,39,9
KGZ,2000,0,0,1,59,9
KGZ,2004,0,0,0,32,9
KGZ,2008,0,1,1,22,9
KGZ,2012,0,0,0,15,8
KGZ,2016,0,0,0,17,6
KGZ,2020,0,2,1,17,7
KGZ,2024,0,2,4,17,5
KIR,2004,0,0,0,3,2
KIR,2008,0,0,0,2,2
KIR,2012,0,0,0,3,2
KIR,2016,0,0,0,3,2
KIR,2020,0,0,0,3,3
KIR,2024,0,0,0,3,3
KOR,1948,0,0,2,24,7
KOR,1952,0,0,2,16,6
KOR,1956,0,1,1,23,7
KOR,1960,0,0,0,38,9
KOR,1964,0,2,1,93,17
KOR,1968,0,1,1,43,11
KOR,1972,0,1,0,24,8
KOR,1976,1,1,15,27,5
KOR,1984,6,28,7,96,19
KOR,1988,28,37,12,218,27
KOR,1992,28,5,16,134,24
KOR,1996,10,49,7,160,25
KOR,2000,12,26,35,144,26
KOR,2004,14,28,10,149,25
KOR,2008,41,11,26,142,27
KOR,2012,18,13,30,140,25
KOR,2016,13,3,10,117,26
KOR,2020,14,7,17,120,31
KOR,2024,21,14,23,104,23
KOS,2016,1,0,0,8,5
KOS,2020,2,0,0,11,6
KOS,2024,0,1,1,9,4
KSA,1972,0,0,0,11,1
KSA,1976,0,0,0,13,1
KSA,1984,0,0,0,11,5
KSA,1988,0,0,0,12,3
KSA,1992,0,0,0,13,5
KSA,1996,0,0,0,13,5
KSA,2000,0,1,1,14,5
KSA,2004,0,0,0,12,6
KSA,2008,0,0,0,11,4
KSA,2012,0,0,4,14,5
KSA,2016,0,0,0,10,5
KSA,2020,0,1,0,12,9
KSA,2024,0,0,0,7,4
KUW,1968,0,0,0,1,1
KUW,1972,0,0,0,4,2
KUW,1976,0,0,0,13,4
KUW,1980,0,0,0,26,7
KUW,1984,0,0,0,17,5
KUW,1988,0,0,0,24,7
KUW,1992,0,0,0,18,7
KUW,1996,0,0,0,16,9
KUW,2000,0,0,1,10,6
KUW,2004,0,0,0,9,3
KUW,2008,0,0,0,7,5
KUW,2012,0,0,1,11,4
KUW,2020,0,0,1,8,5
KUW,2024,0,0,0,9,6
LAO,1980,0,0,0,16,3
LAO,1988,0,0,0,3,2
LAO,1992,0,0,0,7,2
LAO,1996,0,0,0,2,1
LAO,2000,0,0,0,3,2
LAO,2004,0,0,0,5,3
LAO,2008,0,0,0,4,2
LAO,2012,0,0,0,3,2
LAO,2016,0,0,0,5,4
LAO,2020,0,0,0,4,3
LAO,2024,0,0,0,4,3
LAT,1924,0,0,0,23,6
LAT,1928,0,0,0,14,6
LAT,1932,0,1,0,4,2
LAT,1936,0,1,1,16,6
LAT,1992,0,2,1,31,13
LAT,1996,0,1,0,47,12
LAT,2000,1,1,1,47,13
LAT,2004,0,4,0,37,11
LAT,2008,1,1,1,33,11
LAT,2012,1,0,2,38,12
LAT,2016,0,0,0,25,12
LAT,2020,4,0,1,26,15
LAT,2024,0,0,0,23,14
LBA,1968,0,0,0,1,1
LBA,1980,0,0,0,20,5
LBA,1988,0,0,0,5,3
LBA,1992,0,0,0,5,4
LBA,1996,0,0,0,5,2
LBA,2000,0,0,0,3,3
LBA,2004,0,0,0,8,5
LBA,2008,0,0,0,6,4
LBA,2012,0,0,0,4,3
LBA,2016,0,0,0,7,6
LBA,2020,0,0,0,4,4
LBA,2024,0,0,0,6,5
LBN,2020,0,0,0,6,5
LBN,2024,0,0,0,9,7
LBR,1956,0,0,0,6,1
LBR,1960,0,0,0,5,1
LBR,1964,0,0,0,2,1
LBR,1972,0,0,0,5,1
LBR,1984,0,0,0,7,1
LBR,1988,0,0,0,10,2
LBR,1996,0,0,0,3,1
LBR,2000,0,0,0,7,1
LBR,2004,0,0,0,2,1
LBR,2008,0,0,0,4,1
LBR,2012,0,0,0,3,1
LBR,2016,0,0,0,3,1
LBR,2020,0,0,0,3,1
LBR,2024,0,0,0,5,1
LCA,1996,0,0,0,5,2
LCA,2000,0,0,0,5,2
LCA,2004,0,0,0,2,2
LCA,2008,0,0,0,4,2
LCA,2012,0,0,0,4,3
LCA,2016,0,0,0,4,3
LCA,2020,0,0,0,5,3
LCA,2024,1,1,0,5,3
LES,1972,0,0,0,2,1
LES,1980,0,0,0,6,1
LES,1984,0,0,0,4,2
LES,1988,0,0,0,5,2
LES,1992,0,0,0,8,1
LES,1996,0,0,0,5,1
LES,2000,0,0,0,6,3
LES,2004,0,0,0,3,2
LES,2008,0,0,0,3,2
LES,2012,0,0,0,4,2
LES,2016,0,0,0,8,3
LES,2020,0,0,0,2,1
LES,2024,0,0,0,3,2
LIB,1948,0,0,0,9,3
LIB,1952,0,1,1,8,4
LIB,1960,0,0,0,15,6
LIB,1964,0,0,0,3,2
LIB,1968,0,0,0,13,6
LIB,1972,0,1,0,23,9
LIB,1976,0,0,0,4,3
LIB,1980,0,0,1,16,8
LIB,1984,0,0,0,20,9
LIB,1988,0,0,0,28,8
LIB,1992,0,0,0,15,7
LIB,1996,0,0,0,1,1
LIB,2000,0,0,0,6,4
LIB,2004,0,0,0,5,3
LIB,2008,0,0,0,6,4
LIB,2012,0,0,0,10,7
LIB,2016,0,0,0,9,7
LIE,1936,0,0,0,5,3
LIE,1948,0,0,0,1,1
LIE,1952,0,0,0,1,1
LIE,1960,0,0,0,6,3
LIE,1964,0,0,0,3,1
LIE,1968,0,0,0,3,1
LIE,1972,0,0,0,11,4
LIE,1976,0,0,0,9,2
LIE,1984,0,0,0,7,3
LIE,1988,0,0,0,15,5
LIE,1992,0,0,0,8,4
LIE,1996,0,0,0,2,2
LIE,2000,0,0,0,2,2
LIE,2004,0,0,0,1,1
LIE,2008,0,0,0,2,2
LIE,2012,0,0,0,4,3
LIE,2016,0,0,0,3,2
LIE,2020,0,0,0,8,3
LIE,2024,0,0,0,1,1
LTU,1924,0,0,0,2,2
LTU,1928,0,0,0,10,4
LTU,1992,1,0,12,31,11
LTU,1996,0,0,11,49,14
LTU,2000,2,0,15,50,15
LTU,2004,1,2,0,44,13
LTU,2008,0,2,3,54,16
LTU,2012,2,1,2,54,14
LTU,2016,0,2,5,49,15
LTU,2020,0,1,0,46,13
LTU,2024,0,2,5,42,14
LUX,1900,1,0,0,1,1
LUX,1912,0,0,0,6,2
LUX,1920,0,1,0,18,6
LUX,1924,1,1,0,35,10
LUX,1928,1,0,0,31,10
LUX,1932,0,0,0,3,1
LUX,1936,0,0,0,37,10
LUX,1948,0,0,0,32,8
LUX,1952,1,0,0,32,9
LUX,1956,0,0,0,22,5
LUX,1960,0,0,0,48,10
LUX,1964,0,0,0,18,7
LUX,1968,0,0,0,7,5
LUX,1972,0,0,0,8,5
LUX,1976,0,0,0,7,4
LUX,1980,0,0,0,4,3
LUX,1984,0,0,0,4,3
LUX,1988,0,0,0,11,4
LUX,1992,0,0,0,8,4
LUX,1996,0,0,0,7,5
LUX,2000,0,0,0,8,4
LUX,2004,0,0,0,10,6
LUX,2008,0,0,0,17,7
LUX,2012,0,0,0,11,7
LUX,2016,0,0,0,14,5
LUX,2020,0,0,0,11,7
LUX,2024,0,0,0,12,7
MAD,1964,0,0,0,4,1
MAD,1968,0,0,0,6,2
MAD,1972,0,0,0,10,2
MAD,1980,0,0,0,18,4
MAD,1984,0,0,0,5,2
MAD,1992,0,0,0,15,6
MAD,1996,0,0,0,10,4
MAD,2000,0,0,0,10,4
MAD,2004,0,0,0,8,5
MAD,2008,0,0,0,6,4
MAD,2012,0,0,0,7,5
MAD,2016,0,0,0,6,4
MAD,2020,0,0,0,6,4
MAD,2024,0,0,0,7,5
MAL,1956,0,0,0,13,5
MAL,1960,0,0,0,11,4
MAR,1960,0,1,0,45,10
MAR,1964,0,0,0,10,4
MAR,1968,0,0,0,14,4
MAR,1972,0,0,0,19,5
MAR,1976,0,0,0,9,2
MAR,1984,2,0,0,18,6
MAR,1988,1,0,2,25,4
MAR,1992,1,1,1,24,7
MAR,1996,0,0,2,28,7
MAR,2000,0,1,4,28,9
MAR,2004,2,1,0,28,9
MAR,2008,0,1,1,35,7
MAR,2012,0,0,1,40,12
MAR,2016,0,0,1,39,13
MAR,2020,1,0,0,37,18
MAR,2024,1,0,19,35,21
MAS,1964,0,0,0,48,10
MAS,1968,0,0,0,14,4
MAS,1972,0,0,0,20,6
MAS,1976,0,0,0,9,5
MAS,1984,0,0,0,12,5
MAS,1988,0,0,0,15,5
MAS,1992,0,0,2,11,6
MAS,1996,0,2,1,21,8
MAS,2000,0,0,0,32,9
MAS,2004,0,0,0,31,11
MAS,2008,0,1,0,29,10
MAS,2012,0,1,1,25,9
MAS,2016,0,7,1,29,10
MAS,2020,0,1,2,37,10
MAS,2024,0,0,3,23,11
MAW,1972,0,0,0,17,3
MAW,1984,0,0,0,16,3
MAW,1988,0,0,0,16,3
MAW,1992,0,0,0,4,1
MAW,1996,0,0,0,2,1
MAW,2000,0,0,0,2,1
MAW,2004,0,0,0,4,2
MAW,2008,0,0,0,4,2
MAW,2012,0,0,0,3,2
MAW,2016,0,0,0,5,3
MAW,2020,0,0,0,5,4
MAW,2024,0,0,0,3,2
MDA,1996,0,2,1,41,10
MDA,2000,0,1,1,34,7
MDA,2004,0,0,0,31,8
MDA,2008,0,0,1,28,8
MDA,2012,0,0,2,19,9
MDA,2016,0,0,0,22,9
MDA,2020,0,0,1,23,8
MDA,2024,0,1,3,27,10
MDV,1988,0,0,0,5,1
MDV,1992,0,0,0,8,2
MDV,1996,0,0,0,6,2
MDV,2000,0,0,0,4,2
MDV,2004,0,0,0,4,2
MDV,2008,0,0,0,4,2
MDV,2012,0,0,0,5,3
MDV,2016,0,0,0,4,2
MDV,2020,0,0,0,4,3
MDV,2024,0,0,0,4,4
MEX,1900,0,0,3,1,1
MEX,1924,0,0,0,15,3
MEX,1928,0,0,0,18,6
MEX,1932,0,2,0,52,12
MEX,1936,0,0,16,14,8
MEX,1948,4,1,4,57,14
MEX,1952,0,1,0,35,13
MEX,1956,1,0,1,20,10
MEX,1960,0,0,1,55,14
MEX,1964,0,0,1,58,15
MEX,1968,3,3,3,146,20
MEX,1972,0,1,0,112,20
MEX,1976,1,0,1,54,17
MEX,1980,0,1,9,43,12
MEX,1984,2,3,1,87,18
MEX,1988,0,0,2,82,17
MEX,1992,0,1,0,71,18
MEX,1996,0,0,1,57,19
MEX,2000,1,2,3,67,19
MEX,2004,0,3,1,68,20
MEX,2008,2,0,2,73,23
MEX,2012,16,5,3,75,23
MEX,2016,0,3,2,80,27
MEX,2020,0,0,27,87,31
MEX,2024,0,4,4,83,29
MGL,1964,0,0,0,29,5
MGL,1968,0,1,3,26,4
MGL,1972,0,1,0,39,7
MGL,1976,0,1,0,29,5
MGL,1980,0,2,2,41,8
MGL,1988,0,0,1,28,5
MGL,1992,0,0,2,31,8
MGL,1996,0,0,1,16,7
MGL,2000,0,0,0,21,6
MGL,2004,0,0,1,21,7
MGL,2008,2,2,0,29,7
MGL,2012,0,2,3,32,7
MGL,2016,0,1,1,41,9
MGL,2020,0,1,3,43,10
MGL,2024,0,1,0,37,9
MHL,2008,0,0,0,5,3
MHL,2012,0,0,0,4,2
MHL,2016,0,0,0,5,3
MHL,2020,0,0,0,2,1
MHL,2024,0,0,0,4,3
MKD,1996,0,0,0,16,4
MKD,2000,0,0,1,15,5
MKD,2004,0,0,0,14,5
MKD,2008,0,0,0,7,5
MKD,2012,0,0,0,4,2
MKD,2016,0,0,0,6,4
MKD,2020,0,1,0,8,7
MKD,2024,0,0,0,6,6
MLI,1964,0,0,0,2,1
MLI,1968,0,0,0,2,2
MLI,1972,0,0,0,3,2
MLI,1980,0,0,0,7,3
MLI,1984,0,0,0,5,3
MLI,1988,0,0,0,8,3
MLI,1992,0,0,0,6,2
MLI,1996,0,0,0,4,1
MLI,2000,0,0,0,5,3
MLI,2004,0,0,0,6,4
MLI,2008,0,0,0,6,4
MLI,2012,0,0,0,6,4
MLI,2016,0,0,0,6,4
MLI,2020,0,0,0,4,3
MLI,2024,0,0,0,6,5
MLT,1928,0,0,0,1,1
MLT,1936,0,0,0,2,2
MLT,1948,0,0,0,1,1
MLT,1960,0,0,0,6,4
MLT,1968,0,0,0,1,1
MLT,1972,0,0,0,2,2
MLT,1980,0,0,0,5,3
MLT,1984,0,0,0,6,5
MLT,1988,0,0,0,6,4
MLT,1992,0,0,0,8,4
MLT,1996,0,0,0,10,5
MLT,2000,0,0,0,7,5
MLT,2004,0,0,0,7,5
MLT,2008,0,0,0,6,4
MLT,2012,0,0,0,5,3
MLT,2016,0,0,0,8,4
MLT,2020,0,0,0,8,5
MLT,2024,0,0,0,5,4
MNE,2008,0,0,0,8,6
MNE,2012,0,14,0,9,7
MNE,2016,0,0,0,9,7
MNE,2020,0,0,0,9,7
MNE,2024,0,0,0,7,6
MON,1920,0,0,0,6,2
MON,1924,0,0,1,6,4
MON,1928,0,0,0,8,4
MON,1932,0,0,0,1,1
MON,1936,0,0,0,5,2
MON,1948,0,0,0,2,1
MON,1952,0,0,0,6,2
MON,1960,0,0,0,6,3
MON,1964,0,0,0,1,1
MON,1968,0,0,0,1,1
MON,1972,0,0,0,4,2
MON,1976,0,0,0,6,3
MON,1984,0,0,0,7,5
MON,1988,0,0,0,9,7
MON,1992,0,0,0,4,2
MON,1996,0,0,0,4,3
MON,2000,0,0,0,4,4
MON,2004,0,0,0,3,3
MON,2008,0,0,0,5,5
MON,2012,0,0,0,6,6
MON,2016,0,0,0,8,3
MON,2020,0,0,0,6,5
MON,2024,0,0,0,6,6
MOZ,1980,0,0,0,16,2
MOZ,1984,0,0,0,11,2
MOZ,1988,0,0,0,12,3
MOZ,1992,0,0,0,7,2
MOZ,1996,0,0,1,3,3
MOZ,2000,1,0,0,4,2
MOZ,2004,0,0,0,4,2
MOZ,2008,0,0,0,4,3
MOZ,2012,0,0,0,6,4
MOZ,2016,0,0,0,7,4
MOZ,2020,0,0,0,9,6
MOZ,2024,0,0,0,7,5
MRI,1984,0,0,0,7,1
MRI,1988,0,0,0,9,5
MRI,1992,0,0,0,17,4
MRI,1996,0,0,0,23,6
MRI,2000,0,0,0,20,8
MRI,2004,0,0,0,9,5
MRI,2008,0,0,1,11,7
MRI,2012,0,0,0,10,7
MRI,2016,0,0,0,11,7
MRI,2020,0,0,0,8,6
MRI,2024,0,0,0,12,7
MTN,1984,0,0,0,2,1
MTN,1988,0,0,0,7,2
MTN,1992,0,0,0,6,1
MTN,1996,0,0,0,4,1
MTN,2000,0,0,0,2,1
MTN,2004,0,0,0,2,1
MTN,2008,0,0,0,2,1
MTN,2012,0,0,0,2,1
MTN,2016,0,0,0,2,1
MTN,2020,0,0,0,2,1
MTN,2024,0,0,0,2,2
MYA,1948,0,0,0,5,3
MYA,1952,0,0,0,5,2
MYA,1956,0,0,0,11,4
MYA,1960,0,0,0,9,5
MYA,1964,0,0,0,11,5
MYA,1968,0,0,0,3,2
MYA,1972,0,0,0,7,4
MYA,1980,0,0,0,2,2
MYA,1984,0,0,0,1,1
MYA,1988,0,0,0,3,1
MYA,1992,0,0,0,5,2
MYA,1996,0,0,0,3,2
MYA,2000,0,0,0,7,4
MYA,2004,0,0,0,2,2
MYA,2008,0,0,0,7,5
MYA,2012,0,0,0,6,5
MYA,2016,0,0,0,8,5
MYA,2020,0,0,0,2,2
MYA,2024,0,0,0,2,2
NAM,1992,0,2,0,9,3
NAM,1996,0,2,0,10,4
NAM,2000,0,0,0,16,6
NAM,2004,0,0,0,9,5
NAM,2008,0,0,0,10,4
NAM,2012,0,0,0,8,5
NAM,2016,0,0,0,9,4
NAM,2020,0,1,0,10,6
NAM,2024,0,0,0,4,4
NBO,1956,0,0,0,1,1
NCA,1968,0,0,0,15,3
NCA,1972,0,0,0,10,3
NCA,1976,0,0,0,19,6
NCA,1980,0,0,0,6,3
NCA,1984,0,0,0,5,2
NCA,1992,0,0,0,9,6
NCA,1996,0,0,0,9,5
NCA,2000,0,0,0,6,5
NCA,2004,0,0,0,6,3
NCA,2008,0,0,0,7,4
NCA,2012,0,0,0,6,4
NCA,2016,0,0,0,5,4
NCA,2020,0,0,0,8,6
NCA,2024,0,0,0,7,6
NED,1900,3,8,16,18,7
NED,1906,0,1,5,8,2
NED,1908,0,0,16,45,11
NED,1912,0,0,26,14,7
NED,1920,15,10,25,58,15
NED,1924,8,1,18,81,17
NED,1928,20,29,8,103,17
NED,1932,2,10,1,29,9
NED,1936,9,7,21,75,15
NED,1948,8,2,32,74,18
NED,1952,0,18,0,57,14
NED,1956,0,0,0,1,1
NED,1960,0,1,2,54,13
NED,1964,5,10,16,57,12
NED,1968,6,7,1,52,11
NED,1972,3,1,2,72,16
NED,1976,0,2,12,58,11
NED,1980,0,1,5,56,10
NED,1984,20,7,14,74,15
NED,1988,3,6,36,86,17
NED,1992,5,20,8,105,20
NED,1996,38,9,26,94,19
NED,2000,27,29,23,95,21
NED,2004,4,51,22,99,22
NED,2008,39,18,4,98,20
NED,2012,21,29,19,95,19
NED,2016,9,25,13,122,23
NED,2020,33,22,17,123,31
NED,2024,67,25,26,132,32
NEP,1964,0,0,0,5,2
NEP,1972,0,0,0,1,1
NEP,1976,0,0,0,1,1
NEP,1980,0,0,0,9,3
NEP,1984,0,0,0,8,3
NEP,1988,0,0,0,17,5
NEP,1992,0,0,0,2,2
NEP,1996,0,0,0,6,4
NEP,2000,0,0,0,5,3
NEP,2004,0,0,0,6,4
NEP,2008,0,0,0,8,6
NEP,2012,0,0,0,5,3
NEP,2016,0,0,0,7,5
NEP,2020,0,0,0,5,4
NEP,2024,0,0,0,6,6
NFL,1904,0,0,0,1,1
NGR,1952,0,0,0,5,1
NGR,1956,0,0,0,6,1
NGR,1960,0,0,0,12,2
NGR,1964,0,0,1,12,2
NGR,1968,0,0,0,18,3
NGR,1972,0,0,1,24,2
NGR,1980,0,0,0,22,5
NGR,1984,0,1,4,24,4
NGR,1988,0,0,0,44,8
NGR,1992,0,7,4,34,8
NGR,1996,17,4,3,38,9
NGR,2000,6,2,0,37,8
NGR,2004,0,0,8,31,10
NGR,2008,0,16,7,36,10
NGR,2012,0,0,0,31,8
NGR,2016,0,0,18,36,10
NGR,2020,0,1,1,31,10
NGR,2024,0,0,0,40,12
NIG,1964,0,0,0,1,1
NIG,1968,0,0,0,2,1
NIG,1972,0,0,1,4,1
NIG,1984,0,0,0,4,2
NIG,1988,0,0,0,4,2
NIG,1992,0,0,0,3,1
NIG,1996,0,0,0,3,1
NIG,2000,0,0,0,4,2
NIG,2004,0,0,0,4,3
NIG,2008,0,0,0,4,2
NIG,2012,0,0,0,6,5
NIG,2016,0,1,0,6,4
NIG,2020,0,0,0,7,4
NIG,2024,0,0,0,7,5
NOR,1900,0,6,3,9,2
NOR,1904,2,0,0,6,2
NOR,1906,20,5,0,12,3
NOR,1908,7,32,3,23,7
NOR,1912,40,6,34,58,14
NOR,1920,58,52,27,72,16
NOR,1924,14,5,3,43,10
NOR,1928,4,4,1,42,9
NOR,1932,0,0,0,8,4
NOR,1936,1,12,15,43,12
NOR,1948,3,4,11,50,12
NOR,1952,5,8,0,72,14
NOR,1956,1,0,2,18,6
NOR,1960,2,0,0,39,11
NOR,1964,0,0,0,23,6
NOR,1968,4,2,0,36,11
NOR,1972,2,2,4,70,15
NOR,1976,2,4,0,44,11
NOR,1984,0,1,3,76,17
NOR,1988,2,20,0,42,11
NOR,1992,2,20,1,64,17
NOR,1996,2,3,18,65,16
NOR,2000,20,4,19,54,15
NOR,2004,5,0,2,35,12
NOR,2008,16,5,1,49,15
NOR,2012,15,1,1,46,15
NOR,2016,0,0,19,53,13
NOR,2020,5,2,16,60,18
NOR,2024,18,1,4,58,21
NRU,1996,0,0,0,3,1
NRU,2000,0,0,0,2,1
NRU,2004,0,0,0,3,1
NRU,2008,0,0,0,1,1
NRU,2012,0,0,0,2,2
NRU,2016,0,0,0,2,2
NRU,2020,0,0,0,2,2
NRU,2024,0,0,0,1,1
NZL,1900,1,0,0,1,1
NZL,1920,0,0,1,6,3
NZL,1924,0,0,1,6,3
NZL,1928,1,0,0,12,3
NZL,1932,0,2,0,15,4
NZL,1936,1,0,0,9,3
NZL,1948,0,0,0,8,5
NZL,1952,1,0,2,14,5
NZL,1956,3,0,0,28,9
NZL,1960,2,0,1,28,9
NZL,1964,4,0,2,35,11
NZL,1968,5,0,2,26,8
NZL,1972,9,4,1,63,14
NZL,1976,15,1,9,52,13
NZL,1980,0,0,0,5,2
NZL,1984,16,1,6,76,18
NZL,1988,4,4,16,58,16
NZL,1992,1,9,5,87,17
NZL,1996,3,2,4,81,15
NZL,2000,1,0,3,95,18
NZL,2004,4,2,0,84,18
NZL,2008,4,2,9,78,17
NZL,2012,9,3,15,87,16
NZL,2016,6,25,5,100,20
NZL,2020,29,28,8,90,26
NZL,2024,26,18,7,100,27
OMA,1984,0,0,0,14,3
OMA,1988,0,0,0,9,3
OMA,1992,0,0,0,5,2
OMA,1996,0,0,0,5,4
OMA,2000,0,0,0,5,3
OMA,2004,0,0,0,2,2
OMA,2008,0,0,0,4,3
OMA,2012,0,0,0,3,2
OMA,2016,0,0,0,4,2
OMA,2020,0,0,0,5,4
OMA,2024,0,0,0,4,3
PAK,1948,0,0,0,20,6
PAK,1952,0,0,0,25,7
PAK,1956,0,14,0,43,8
PAK,1960,13,0,1,35,7
PAK,1964,0,16,0,29,7
PAK,1968,13,0,0,3,2
PAK,1972,0,15,0,12,5
PAK,1976,0,0,16,9,5
PAK,1984,16,0,0,15,5
PAK,1988,0,0,1,15,6
PAK,1992,0,0,16,12,5
PAK,1996,0,0,0,9,5
PAK,2000,0,0,0,11,6
PAK,2004,0,0,0,11,5
PAK,2008,0,0,0,7,4
PAK,2012,0,0,0,6,4
PAK,2016,0,0,0,7,4
PAK,2020,0,0,0,9,6
PAK,2024,1,0,0,9,3
PAN,1928,0,0,0,2,1
PAN,1948,0,0,2,2,1
PAN,1952,0,0,0,1,1
PAN,1960,0,0,0,4,3
PAN,1964,0,0,0,10,5
PAN,1968,0,0,0,5,3
PAN,1972,0,0,0,8,4
PAN,1976,0,0,0,13,5
PAN,1984,0,0,0,10,5
PAN,1988,0,0,0,9,3
PAN,1992,0,0,0,7,4
PAN,1996,0,0,0,9,6
PAN,2000,0,0,0,7,5
PAN,2004,0,0,0,5,2
PAN,2008,1,0,0,5,3
PAN,2012,0,0,0,8,5
PAN,2016,0,0,0,14,7
PAN,2020,0,0,0,11,5
PAN,2024,0,1,0,13,6
PAR,1968,0,0,0,1,1
PAR,1972,0,0,0,3,2
PAR,1976,0,0,0,6,4
PAR,1984,0,0,0,15,4
PAR,1988,0,0,0,11,5
PAR,1992,0,0,0,12,6
PAR,1996,0,0,0,7,5
PAR,2000,0,0,0,5,3
PAR,2004,0,17,0,6,4
PAR,2008,0,0,0,7,5
PAR,2012,0,0,0,10,6
PAR,2016,0,0,0,11,7
PAR,2020,0,0,0,9,6
PAR,2024,0,0,0,10,7
PER,1900,0,0,0,2,1
PER,1932,0,0,0,1,1
PER,1936,0,0,0,16,8
PER,1948,1,0,0,26,7
PER,1956,0,0,0,5,1
PER,1960,0,0,0,8,3
PER,1964,0,0,0,19,5
PER,1968,0,0,0,21,8
PER,1972,0,0,0,25,7
PER,1976,0,0,0,3,2
PER,1980,0,0,0,26,5
PER,1984,0,1,0,29,10
PER,1988,0,12,0,15,7
PER,1992,0,1,0,18,9
PER,1996,0,0,0,22,8
PER,2000,0,0,0,12,7
PER,2004,0,0,0,14,10
PER,2008,0,0,0,13,10
PER,2012,0,0,0,14,9
PER,2016,0,0,0,28,11
PER,2020,0,0,0,35,17
PER,2024,0,0,1,21,10
PHI,1924,0,0,0,2,1
PHI,1928,0,0,1,6,2
PHI,1932,0,0,3,7,3
PHI,1936,0,0,1,20,6
PHI,1948,0,0,0,18,8
PHI,1952,0,0,0,14,7
PHI,1956,0,0,0,30,7
PHI,1960,0,0,0,27,7
PHI,1964,0,1,0,45,10
PHI,1968,0,0,0,53,10
PHI,1972,0,0,0,47,11
PHI,1976,0,0,0,21,6
PHI,1984,0,0,0,28,6
PHI,1988,0,0,1,40,11
PHI,1992,0,0,1,29,9
PHI,1996,0,1,0,18,6
PHI,2000,0,0,0,22,9
PHI,2004,0,0,0,21,6
PHI,2008,0,0,0,17,8
PHI,2012,0,0,0,11,8
PHI,2016,0,1,0,13,8
PHI,2020,1,2,1,26,11
PHI,2024,2,0,2,31,9
PLE,1996,0,0,0,1,1
PLE,2000,0,0,0,2,2
PLE,2004,0,0,0,3,2
PLE,2008,0,0,0,4,2
PLE,2012,0,0,0,5,3
PLE,2016,0,0,0,6,4
PLE,2020,0,0,0,5,4
PLE,2024,0,0,0,8,6
PLW,2000,0,0,0,5,3
PLW,2004,0,0,0,4,3
PLW,2008,0,0,0,5,3
PLW,2012,0,0,0,5,4
PLW,2016,0,0,0,6,4
PLW,2020,0,0,0,3,2
PLW,2024,0,0,0,3,2
PNG,1976,0,0,0,8,3
PNG,1984,0,0,0,12,2
PNG,1988,0,0,0,15,4
PNG,1992,0,0,0,16,4
PNG,1996,0,0,0,11,3
PNG,2000,0,0,0,5,3
PNG,2004,0,0,0,6,3
PNG,2008,0,0,0,9,5
PNG,2012,0,0,0,8,5
PNG,2016,0,0,0,8,6
PNG,2020,0,0,0,8,5
PNG,2024,0,0,0,7,5
POL,1912,0,0,0,1,1
POL,1924,0,4,1,38,10
POL,1928,2,3,15,44,11
POL,1932,3,4,14,21,4
POL,1936,0,6,6,55,15
POL,1948,1,0,1,28,5
POL,1952,1,2,1,74,11
POL,1956,1,9,9,48,9
POL,1960,4,11,15,108,17
POL,1964,10,13,23,87,12
POL,1968,5,2,30,112,16
POL,1972,27,8,11,150,22
POL,1976,18,29,26,116,18
POL,1980,3,25,22,162,21
POL,1988,2,9,10,105,19
POL,1992,5,22,19,136,21
POL,1996,7,8,7,126,20
POL,2000,7,10,7,133,20
POL,2004,4,2,6,124,21
POL,2008,6,13,1,165,23
POL,2012,2,2,8,148,24
POL,2016,3,3,10,144,24
POL,2020,14,14,8,137,28
POL,2024,1,16,11,134,28
POR,1912,0,0,0,8,3
POR,1920,0,0,0,7,2
POR,1924,0,0,4,16,8
POR,1928,0,0,6,14,8
POR,1932,0,0,0,4,3
POR,1936,0,0,3,10,5
POR,1948,0,2,3,22,8
POR,1952,0,0,2,45,10
POR,1956,0,0,0,7,2
POR,1960,0,2,0,52,11
POR,1964,0,0,0,20,7
POR,1968,0,0,0,24,6
POR,1972,0,0,0,28,8
POR,1976,0,2,0,27,6
POR,1980,0,0,0,17,6
POR,1984,1,0,2,32,11
POR,1988,1,0,0,59,14
POR,1992,0,0,0,71,14
POR,1996,1,0,2,79,18
POR,2000,0,0,2,50,13
POR,2004,0,2,1,63,16
POR,2008,1,1,0,65,16
POR,2012,0,2,0,75,14
POR,2016,0,0,1,61,17
POR,2020,1,1,2,65,22
POR,2024,2,2,1,65,19
PRK,1972,1,1,13,23,10
PRK,1976,1,1,0,21,8
PRK,1980,0,3,2,40,8
PRK,1992,4,0,6,53,12
PRK,1996,2,1,2,25,9
PRK,2000,0,1,3,34,10
PRK,2004,0,4,1,34,9
PRK,2008,2,1,3,38,12
PRK,2012,4,0,2,27,11
PRK,2016,2,3,2,28,9
PRK,2024,0,4,4,16,7
PUR,1948,0,0,1,8,3
PUR,1952,0,0,0,19,4
PUR,1956,0,0,0,9,2
PUR,1960,0,0,0,13,6
PUR,1964,0,0,0,29,8
PUR,1968,0,0,0,54,10
PUR,1972,0,0,0,37,10
PUR,1976,0,0,1,74,12
PUR,1980,0,0,0,3,1
PUR,1984,0,1,1,45,13
PUR,1988,0,0,0,44,12
PUR,1992,0,0,1,57,12
PUR,1996,0,0,1,60,16
PUR,2000,0,0,0,31,10
PUR,2004,0,0,0,38,15
PUR,2008,0,0,0,31,8
PUR,2012,0,1,1,25,8
PUR,2016,1,0,0,27,15
PUR,2020,1,0,0,24,15
PUR,2024,0,0,2,30,13
QAT,1984,0,0,0,8,3
QAT,1988,0,0,0,10,3
QAT,1992,0,0,1,11,2
QAT,1996,0,0,0,10,4
QAT,2000,0,0,1,14,5
QAT,2004,0,0,0,14,4
QAT,2008,0,0,0,14,6
QAT,2012,0,0,2,13,4
QAT,2016,0,1,0,20,10
QAT,2020,2,0,2,15,7
QAT,2024,0,0,1,10,5
RHO,1960,0,0,0,11,5
ROC,2020,41,80,28,202,38
ROT,2016,0,0,0,12,3
ROU,1900,0,0,0,1,1
ROU,1924,0,0,16,7,4
ROU,1928,0,0,0,16,2
ROU,1932,0,0,0,1,1
ROU,1936,0,1,0,33,9
ROU,1952,1,1,2,67,15
ROU,1956,6,3,10,39,11
ROU,1960,3,1,11,65,13
ROU,1964,2,4,10,76,13
ROU,1968,5,9,9,64,9
ROU,1972,3,10,27,102,16
ROU,1976,4,28,23,92,11
ROU,1980,7,15,46,135,20
ROU,1984,40,31,35,86,13
ROU,1988,8,34,16,59,10
ROU,1992,8,31,14,128,18
ROU,1996,13,10,15,122,18
ROU,2000,27,6,13,116,16
ROU,2004,23,5,11,88,16
ROU,2008,5,1,16,80,16
ROU,2012,2,8,6,75,15
ROU,2016,4,2,10,62,15
ROU,2020,2,7,0,57,18
ROU,2024,12,7,2,57,18
RSA,1904,0,0,0,2,2
RSA,1908,1,1,0,15,4
RSA,1912,5,2,0,21,6
RSA,1920,3,12,6,34,7
RSA,1924,1,1,1,25,7
RSA,1928,1,0,5,25,7
RSA,1932,2,0,3,18,4
RSA,1936,0,1,0,27,6
RSA,1948,2,2,2,34,10
RSA,1952,2,8,4,59,13
RSA,1956,0,0,7,50,10
RSA,1960,0,1,2,46,12
RSA,1992,0,3,0,87,19
RSA,1996,3,1,1,62,14
RSA,2000,0,2,3,68,17
RSA,2004,4,3,3,68,20
RSA,2008,0,1,0,89,20
RSA,2012,6,2,1,65,17
RSA,2016,2,7,14,70,15
RSA,2020,1,2,0,73,23
RSA,2024,1,6,14,66,24
RUS,1900,0,0,0,3,2
RUS,1908,1,2,0,7,3
RUS,1912,0,5,9,62,15
RUS,1924,0,0,0,2,1
RUS,1996,36,45,34,212,25
RUS,2000,66,67,54,238,30
RUS,2004,48,46,95,235,29
RUS,2008,43,46,53,242,29
RUS,2012,50,39,51,238,30
RUS,2016,52,28,35,181,29
RWA,1984,0,0,0,6,1
RWA,1988,0,0,0,7,1
RWA,1992,0,0,0,8,2
RWA,1996,0,0,0,4,1
RWA,2000,0,0,0,5,2
RWA,2004,0,0,0,5,2
RWA,2008,0,0,0,4,2
RWA,2012,0,0,0,7,4
RWA,2016,0,0,0,7,3
RWA,2020,0,0,0,5,3
RWA,2024,0,0,0,8,4
SAA,1952,0,0,0,32,9
SAM,1984,0,0,0,9,3
SAM,1988,0,0,0,11,4
SAM,1992,0,0,0,5,2
SAM,1996,0,0,0,5,3
SAM,2000,0,0,0,5,5
SAM,2004,0,0,0,3,2
SAM,2008,0,0,0,7,5
SAM,2012,0,0,0,9,6
SAM,2016,0,0,0,9,5
SAM,2020,0,0,0,11,5
SAM,2024,0,0,0,13,9
SCG,1996,1,12,13,35,13
SCG,2000,11,1,13,50,14
SCG,2004,0,13,0,39,14
SEN,1964,0,0,0,7,1
SEN,1968,0,0,0,9,2
SEN,1972,0,0,0,23,5
SEN,1976,0,0,0,27,4
SEN,1980,0,0,0,22,4
SEN,1984,0,0,0,21,5
SEN,1988,0,1,0,23,4
SEN,1992,0,0,0,20,4
SEN,1996,0,0,0,8,3
SEN,2000,0,0,0,15,6
SEN,2004,0,0,0,17,6
SEN,2008,0,0,0,16,7
SEN,2012,0,0,0,16,8
SEN,2016,0,0,0,11,8
SEN,2020,0,0,0,9,8
SEN,2024,0,0,0,13,8
SEY,1980,0,0,0,15,2
SEY,1984,0,0,0,15,2
SEY,1992,0,0,0,18,4
SEY,1996,0,0,0,9,5
SEY,2000,0,0,0,9,5
SEY,2004,0,0,0,10,7
SEY,2008,0,0,0,9,6
SEY,2012,0,0,0,6,4
SEY,2016,0,0,0,10,6
SEY,2020,0,0,0,6,4
SEY,2024,0,0,0,3,2
SGP,1948,0,0,0,1,1
SGP,1952,0,0,0,7,3
SGP,1956,0,0,0,13,6
SGP,1960,0,1,0,3,3
SGP,1968,0,0,0,6,3
SGP,1972,0,0,0,12,3
SGP,1976,0,0,0,4,4
SGP,1984,0,0,0,7,2
SGP,1988,0,0,0,16,3
SGP,1992,0,0,0,26,6
SGP,1996,0,0,0,27,6
SGP,2000,0,0,0,20,4
SGP,2004,0,0,0,16,6
SGP,2008,0,3,0,25,6
SGP,2012,0,0,4,29,9
SGP,2016,1,0,0,24,7
SGP,2020,0,0,0,23,12
SGP,2024,0,0,1,24,11
SKN,1996,0,0,0,5,1
SKN,2000,0,0,0,4,1
SKN,2004,0,0,0,2,1
SKN,2008,0,0,0,5,1
SKN,2012,0,0,0,3,1
SKN,2016,0,0,0,4,1
SKN,2020,0,0,0,2,1
SKN,2024,0,0,0,3,2
SLE,1968,0,0,0,4,2
SLE,1980,0,0,0,16,2
SLE,1984,0,0,0,6,2
SLE,1988,0,0,0,14,4
SLE,1992,0,0,0,12,1
SLE,1996,0,0,0,10,3
SLE,2000,0,0,0,3,2
SLE,2004,0,0,0,2,1
SLE,2008,0,0,0,3,2
SLE,2012,0,0,0,2,1
SLE,2016,0,0,0,4,2
SLE,2020,0,0,0,4,3
SLE,2024,0,0,0,4,3
SLO,1992,0,0,6,34,12
SLO,1996,0,2,0,34,8
SLO,2000,3,0,0,53,13
SLO,2004,0,2,3,66,10
SLO,2008,1,2,2,60,11
SLO,2012,1,1,3,68,15
SLO,2016,1,2,1,45,12
SLO,2020,3,1,1,43,17
SLO,2024,2,1,0,54,17
SMR,1960,0,0,0,5,3
SMR,1968,0,0,0,2,2
SMR,1972,0,0,0,4,2
SMR,1976,0,0,0,7,3
SMR,1980,0,0,0,10,5
SMR,1984,0,0,0,26,7
SMR,1988,0,0,0,12,6
SMR,1992,0,0,0,15,7
SMR,1996,0,0,0,7,6
SMR,2000,0,0,0,4,3
SMR,2004,0,0,0,5,3
SMR,2008,0,0,0,4,3
SMR,2012,0,0,0,4,4
SMR,2016,0,0,0,3,2
SMR,2020,0,2,2,7,4
SMR,2024,0,0,0,5,5
SOL,1984,0,0,0,3,2
SOL,1988,0,0,0,5,4
SOL,1992,0,0,0,1,1
SOL,1996,0,0,0,4,2
SOL,2000,0,0,0,2,1
SOL,2004,0,0,0,2,1
SOL,2008,0,0,0,3,2
SOL,2012,0,0,0,4,3
SOL,2016,0,0,0,3,2
SOL,2020,0,0,0,3,3
SOL,2024,0,0,0,2,2
SOM,1972,0,0,0,4,1
SOM,1984,0,0,0,6,1
SOM,1988,0,0,0,4,1
SOM,1996,0,0,0,4,1
SOM,2000,0,0,0,2,1
SOM,2004,0,0,0,2,1
SOM,2008,0,0,0,2,1
SOM,2012,0,0,0,2,1
SOM,2016,0,0,0,2,1
SOM,2020,0,0,0,2,2
SOM,2024,0,0,0,1,1
SRB,1912,0,0,0,2,1
SRB,2008,0,1,14,42,11
SRB,2012,1,1,14,55,15
SRB,2016,14,27,13,56,14
SRB,2020,15,1,19,47,16
SRB,2024,16,1,12,47,16
SRI,1948,0,1,0,9,2
SRI,1952,0,0,0,7,4
SRI,1956,0,0,0,3,2
SRI,1960,0,0,0,5,4
SRI,1964,0,0,0,6,4
SRI,1968,0,0,0,3,3
SRI,1972,0,0,0,6,2
SRI,1980,0,0,0,1,1
SRI,1984,0,0,0,5,3
SRI,1988,0,0,0,9,3
SRI,1992,0,0,0,16,5
SRI,1996,0,0,0,9,3
SRI,2000,0,1,0,16,4
SRI,2004,0,0,0,8,3
SRI,2008,0,0,0,9,6
SRI,2012,0,0,0,8,4
SRI,2016,0,0,0,10,6
SRI,2020,0,0,0,13,7
SRI,2024,0,0,0,6,3
SSD,2016,0,0,0,3,1
SSD,2020,0,0,0,2,1
SSD,2024,0,0,0,3,2
STP,1996,0,0,0,2,1
STP,2000,0,0,0,2,1
STP,2004,0,0,0,2,1
STP,2008,0,0,0,4,2
STP,2012,0,0,0,2,1
STP,2016,0,0,0,3,2
STP,2020,0,0,0,3,2
STP,2024,0,0,0,3,3
SUD,1960,0,0,0,10,4
SUD,1968,0,0,0,7,2
SUD,1972,0,0,0,15,4
SUD,1984,0,0,0,9,2
SUD,1988,0,0,0,8,2
SUD,1992,0,0,0,7,3
SUD,1996,0,0,0,4,2
SUD,2000,0,0,0,3,2
SUD,2004,0,0,0,4,1
SUD,2008,0,1,0,8,2
SUD,2012,0,0,0,5,2
SUD,2016,0,0,0,6,3
SUD,2020,0,0,0,5,4
SUD,2024,0,0,0,4,3
SUI,1896,1,2,0,5,2
SUI,1900,16,4,1,14,4
SUI,1904,1,0,2,4,2
SUI,1906,8,3,1,14,3
SUI,1908,0,0,0,1,1
SUI,1912,2,0,0,3,2
SUI,1920,6,2,21,45,13
SUI,1924,14,25,21,74,17
SUI,1928,16,10,4,70,15
SUI,1932,0,1,0,9,4
SUI,1936,5,23,24,102,21
SUI,1948,5,25,6,98,19
SUI,1952,2,19,12,96,17
SUI,1956,0,0,3,6,1
SUI,1960,0,6,6,90,16
SUI,1964,1,4,1,51,13
SUI,1968,0,3,10,68,12
SUI,1972,0,8,0,116,17
SUI,1976,1,3,6,41,12
SUI,1980,2,0,0,45,10
SUI,1984,0,9,4,91,18
SUI,1988,0,6,2,83,17
SUI,1992,1,0,0,80,17
SUI,1996,5,6,0,83,17
SUI,2000,1,11,2,82,19
SUI,2004,1,2,4,83,19
SUI,2008,3,1,7,75,20
SUI,2012,2,2,0,71,19
SUI,2016,6,3,2,80,17
SUI,2020,3,5,7,96,25
SUI,2024,1,2,7,94,22
SUR,1968,0,0,0,1,1
SUR,1972,0,0,0,3,2
SUR,1976,0,0,0,4,2
SUR,1984,0,0,0,7,3
SUR,1988,1,0,0,10,4
SUR,1992,0,0,1,7,3
SUR,1996,0,0,0,11,3
SUR,2000,0,0,0,5,2
SUR,2004,0,0,0,4,2
SUR,2008,0,0,0,4,2
SUR,2012,0,0,0,5,3
SUR,2016,0,0,0,6,4
SUR,2020,0,0,0,5,3
SUR,2024,0,0,0,6,4
SVK,1996,1,1,1,69,14
SVK,2000,2,3,1,63,16
SVK,2004,3,2,5,59,14
SVK,2008,4,5,1,54,14
SVK,2012,0,1,4,52,11
SVK,2016,3,5,0,49,12
SVK,2020,1,2,4,42,14
SVK,2024,0,0,1,31,13
SWE,1896,0,0,0,5,2
SWE,1900,3,0,1,16,4
SWE,1906,2,5,14,37,8
SWE,1908,48,18,18,67,14
SWE,1912,103,62,25,95,16
SWE,1920,52,38,64,100,18
SWE,1924,7,22,43,84,15
SWE,1928,7,8,22,66,11
SWE,1932,13,7,12,51,12
SWE,1936,7,11,17,84,17
SWE,1948,30,15,30,100,18
SWE,1952,23,24,23,124,17
SWE,1956,14,14,6,80,15
SWE,1960,2,2,3,100,15
SWE,1964,3,4,8,72,13
SWE,1968,4,4,1,95,13
SWE,1972,4,10,8,90,18
SWE,1976,9,1,0,90,16
SWE,1980,3,8,9,102,18
SWE,1984,3,18,13,138,19
SWE,1988,0,5,11,113,23
SWE,1992,1,27,7,121,22
SWE,1996,3,23,5,109,22
SWE,2000,4,20,8,92,22
SWE,2004,5,5,2,79,20
SWE,2008,0,5,2,81,20
SWE,2012,2,17,3,81,21
SWE,2016,2,23,3,79,22
SWE,2020,6,28,0,77,23
SWE,2024,5,7,4,81,21
SWZ,1972,0,0,0,4,2
SWZ,1984,0,0,0,11,4
SWZ,1988,0,0,0,11,4
SWZ,1992,0,0,0,10,2
SWZ,1996,0,0,0,5,3
SWZ,2000,0,0,0,6,4
SWZ,2004,0,0,0,3,2
SWZ,2008,0,0,0,4,2
SWZ,2012,0,0,0,3,2
SWZ,2016,0,0,0,2,1
SWZ,2020,0,0,0,4,3
SWZ,2024,0,0,0,3,2
SYR,1948,0,0,0,1,1
SYR,1968,0,0,0,2,1
SYR,1972,0,0,0,4,3
SYR,1980,0,0,0,55,7
SYR,1984,0,1,0,9,5
SYR,1988,0,0,0,13,4
SYR,1992,0,0,0,9,4
SYR,1996,1,0,0,8,5
SYR,2000,0,0,0,7,4
SYR,2004,0,0,1,6,5
SYR,2008,0,0,0,7,5
SYR,2012,0,0,0,10,7
SYR,2016,0,0,0,7,5
SYR,2020,0,0,1,6,6
SYR,2024,0,0,0,10,6
TAN,1964,0,0,0,4,1
TAN,1968,0,0,0,5,2
TAN,1972,0,0,0,16,2
TAN,1980,0,2,0,22,3
TAN,1984,0,0,0,14,2
TAN,1988,0,0,0,9,2
TAN,1992,0,0,0,7,2
TAN,1996,0,0,0,5,2
TAN,2000,0,0,0,2,1
TAN,2004,0,0,0,6,1
TAN,2008,0,0,0,6,2
TAN,2012,0,0,0,5,3
TAN,2016,0,0,0,5,3
TAN,2020,0,0,0,2,1
TAN,2024,0,0,0,5,3
TCH,1920,0,0,10,53,13
TCH,1924,1,4,5,75,16
TCH,1928,2,12,2,51,14
TCH,1932,1,3,2,15,4
TCH,1936,5,12,1,102,17
TCH,1948,14,3,3,57,11
TCH,1952,11,4,10,70,11
TCH,1956,1,5,1,54,10
TCH,1960,4,7,11,75,13
TCH,1964,5,37,12,64,13
TCH,1968,7,7,15,66,14
TCH,1972,2,21,6,93,17
TCH,1976,2,4,9,79,16
TCH,1980,17,18,16,114,21
TCH,1988,3,4,3,97,17
TCH,1992,4,3,1,121,25
TGA,1984,0,0,0,7,1
TGA,1988,0,0,0,7,2
TGA,1992,0,0,0,5,2
TGA,1996,0,1,0,5,3
TGA,2000,0,0,0,3,2
TGA,2004,0,0,0,5,4
TGA,2008,0,0,0,3,2
TGA,2012,0,0,0,3,2
TGA,2016,0,0,0,7,4
TGA,2020,0,0,0,6,4
TGA,2024,0,0,0,4,3
THA,1952,0,0,0,7,1
THA,1956,0,0,0,14,5
THA,1960,0,0,0,16,4
THA,1964,0,0,0,41,8
THA,1968,0,0,0,18,6
THA,1972,0,0,0,21,7
THA,1976,0,0,1,33,11
THA,1984,0,1,0,25,5
THA,1988,0,0,1,12,4
THA,1992,0,0,1,47,9
THA,1996,1,0,1,42,10
THA,2000,1,0,2,51,11
THA,2004,3,1,4,46,13
THA,2008,2,2,0,43,12
THA,2012,0,2,1,37,15
THA,2016,2,2,2,45,15
THA,2020,1,0,1,33,15
THA,2024,1,3,2,45,18
TJK,1996,0,0,0,8,5
TJK,2000,0,0,0,4,2
TJK,2004,0,0,0,9,5
TJK,2008,0,1,1,16,8
TJK,2012,0,0,1,16,7
TJK,2016,1,0,0,7,4
TJK,2020,0,0,0,10,4
TJK,2024,0,0,3,14,6
TKM,1996,0,0,0,7,6
TKM,2000,0,0,0,8,6
TKM,2004,0,0,0,10,6
TKM,2008,0,0,0,9,6
TKM,2012,0,0,0,10,5
TKM,2016,0,0,0,9,5
TKM,2020,0,1,0,10,4
TKM,2024,0,0,0,6,4
TLS,2004,0,0,0,2,1
TLS,2008,0,0,0,1,1
TLS,2012,0,0,0,2,1
TLS,2016,0,0,0,3,2
TLS,2020,0,0,0,3,2
TLS,2024,0,0,0,4,3
TOG,1972,0,0,0,5,3
TOG,1984,0,0,0,6,2
TOG,1988,0,0,0,6,2
TOG,1992,0,0,0,5,2
TOG,1996,0,0,0,4,1
TOG,2000,0,0,0,3,2
TOG,2004,0,0,0,3,2
TOG,2008,0,0,1,4,4
TOG,2012,0,0,0,6,5
TOG,2016,0,0,0,5,3
TOG,2020,0,0,0,4,4
TOG,2024,0,0,0,5,4
TPE,1956,0,0,0,13,5
TPE,1960,0,1,0,18,6
TPE,1964,0,0,0,46,7
TPE,1968,0,0,1,57,8
TPE,1972,0,0,0,41,10
TPE,1984,0,0,1,40,12
TPE,1988,0,0,0,84,13
TPE,1992,0,20,0,15,7
TPE,1996,0,1,0,63,14
TPE,2000,0,1,4,59,14
TPE,2004,2,4,3,52,14
TPE,2008,0,0,4,41,15
TPE,2012,0,1,1,40,14
TPE,2016,1,0,4,46,18
TPE,2020,3,6,7,61,18
TPE,2024,3,0,5,47,17
TTO,1948,0,1,0,9,3
TTO,1952,0,0,2,2,1
TTO,1956,0,0,0,7,3
TTO,1964,0,1,5,10,4
TTO,1968,0,0,0,14,5
TTO,1972,0,0,0,16,4
TTO,1976,1,0,0,10,3
TTO,1980,0,0,0,5,1
TTO,1984,0,0,0,14,5
TTO,1988,0,0,0,9,3
TTO,1992,0,0,0,7,2
TTO,1996,0,0,2,14,6
TTO,2000,0,1,1,18,3
TTO,2004,0,0,1,18,4
TTO,2008,5,1,0,19,4
TTO,2012,1,4,5,22,6
TTO,2016,0,0,1,24,8
TTO,2020,0,0,0,25,8
TTO,2024,0,0,0,12,3
TUN,1960,0,0,0,22,7
TUN,1964,0,1,1,9,3
TUN,1968,1,0,1,7,2
TUN,1972,0,1,0,11,5
TUN,1976,0,0,0,5,3
TUN,1984,0,0,0,17,6
TUN,1988,0,0,0,14,6
TUN,1992,0,0,0,13,7
TUN,1996,0,0,1,24,9
TUN,2000,0,0,0,34,10
TUN,2004,0,0,0,37,14
TUN,2008,1,0,0,28,10
TUN,2012,1,1,1,50,17
TUN,2016,0,0,3,47,17
TUN,2020,1,1,0,50,17
TUN,2024,1,1,1,29,15
TUR,1906,0,0,0,2,1
TUR,1912,0,0,0,7,1
TUR,1924,0,0,0,11,5
TUR,1928,0,0,0,17,6
TUR,1932,0,0,0,1,1
TUR,1936,1,0,1,26,7
TUR,1948,6,4,2,42,7
TUR,1952,2,0,1,31,4
TUR,1956,3,2,2,20,2
TUR,1960,7,2,0,41,6
TUR,1964,2,3,1,24,4
TUR,1968,2,0,0,29,4
TUR,1972,0,1,0,43,8
TUR,1976,0,0,0,27,8
TUR,1984,0,0,3,49,10
TUR,1988,1,1,0,40,9
TUR,1992,2,2,2,43,10
TUR,1996,4,1,1,55,9
TUR,2000,3,0,2,58,10
TUR,2004,3,3,5,65,10
TUR,2008,1,3,3,67,12
TUR,2012,2,2,1,80,16
TUR,2016,1,3,4,88,21
TUR,2020,2,2,9,94,18
TUR,2024,0,4,7,85,19
TUV,2008,0,0,0,3,2
TUV,2012,0,0,0,3,2
TUV,2016,0,0,0,1,1
TUV,2020,0,0,0,2,1
TUV,2024,0,0,0,2,1
UAE,1984,0,0,0,8,1
UAE,1988,0,0,0,15,2
UAE,1992,0,0,0,19,3
UAE,1996,0,0,0,4,4
UAE,2000,0,0,0,5,3
UAE,2004,1,0,0,5,3
UAE,2008,0,0,0,9,7
UAE,2012,0,0,0,9,6
UAE,2016,0,0,1,11,6
UAE,2020,0,0,0,5,4
UAE,2024,0,0,0,12,5
UAR,1960,0,1,1,34,12
UGA,1956,0,0,0,5,1
UGA,1960,0,0,0,11,2
UGA,1964,0,0,0,14,2
UGA,1968,0,1,1,14,2
UGA,1972,1,1,0,19,3
UGA,1980,0,1,0,12,2
UGA,1984,0,0,0,24,5
UGA,1988,0,0,0,22,3
UGA,1992,0,0,0,9,3
UGA,1996,0,0,1,9,4
UGA,2000,0,0,0,13,5
UGA,2004,0,0,0,10,4
UGA,2008,0,0,0,10,4
UGA,2012,1,0,0,12,4
UGA,2016,0,0,0,14,3
UGA,2020,2,1,1,18,4
UGA,2024,1,1,0,16,4
UKR,1996,10,5,19,148,21
UKR,2000,3,20,12,185,23
UKR,2004,8,8,31,175,23
UKR,2008,10,5,16,177,24
UKR,2012,9,5,12,174,25
UKR,2016,2,8,5,142,24
UKR,2020,1,7,21,121,28
UKR,2024,6,6,4,101,25
UNK,1912,0,0,0,1,1
URS,1952,36,62,19,141,18
URS,1956,68,46,55,141,18
URS,1960,61,63,45,145,17
URS,1964,60,63,51,154,19
URS,1968,65,63,64,164,18
URS,1972,107,47,60,180,22
URS,1976,114,95,77,189,22
URS,1980,187,129,126,202,23
URS,1988,134,67,99,221,27
URU,1924,14,0,0,11,4
URU,1928,17,0,0,1,1
URU,1932,0,0,1,2,2
URU,1936,0,0,0,15,6
URU,1948,0,1,2,32,11
URU,1952,0,0,14,16,9
URU,1956,0,0,12,8,5
URU,1960,0,0,0,15,8
URU,1964,0,0,1,8,4
URU,1968,0,0,0,31,8
URU,1972,0,0,0,12,5
URU,1976,0,0,0,9,5
URU,1984,0,0,0,11,5
URU,1988,0,0,0,14,8
URU,1992,0,0,0,15,11
URU,1996,0,0,0,14,8
URU,2000,0,1,0,16,7
URU,2004,0,0,0,16,6
URU,2008,0,0,0,12,6
URU,2012,0,0,0,11,8
URU,2016,0,0,0,14,8
URU,2020,0,0,0,9,5
URU,2024,0,0,0,13,9
USA,1896,11,7,2,16,3
USA,1900,30,16,17,41,10
USA,1904,128,141,125,95,18
USA,1906,12,6,6,28,5
USA,1908,34,16,15,52,10
USA,1912,46,25,36,68,11
USA,1920,111,45,38,113,18
USA,1924,97,36,49,108,18
USA,1928,47,24,17,96,15
USA,1932,81,47,61,122,17
USA,1936,51,29,16,127,21
USA,1948,87,30,35,126,19
USA,1952,83,23,28,133,18
USA,1956,61,42,20,144,19
USA,1960,81,23,21,147,17
USA,1964,95,37,37,159,19
USA,1968,99,32,35,167,18
USA,1972,69,59,43,185,21
USA,1976,70,58,36,189,19
USA,1984,186,116,50,217,25
USA,1988,87,66,54,230,27
USA,1992,89,50,85,248,28
USA,1996,159,48,52,263,31
USA,2000,130,61,51,265,31
USA,2004,117,75,71,254,31
USA,2008,127,110,80,258,32
USA,2012,145,57,46,245,31
USA,2016,139,54,71,245,33
USA,2020,113,110,75,245,44
USA,2024,131,96,94,234,47
UZB,1996,0,1,1,70,12
UZB,2000,1,1,2,69,12
UZB,2004,2,1,2,71,14
UZB,2008,1,2,3,67,14
UZB,2012,1,0,2,52,14
UZB,2016,4,2,7,69,15
UZB,2020,3,0,2,69,16
UZB,2024,8,2,3,68,17
VAN,1988,0,0,0,6,2
VAN,1992,0,0,0,8,1
VAN,1996,0,0,0,4,1
VAN,2000,0,0,0,3,2
VAN,2004,0,0,0,2,1
VAN,2008,0,0,0,3,2
VAN,2012,0,0,0,5,3
VAN,2016,0,0,0,4,4
VAN,2020,0,0,0,3,3
VAN,2024,0,0,0,6,5
VEN,1932,0,0,0,1,1
VEN,1948,0,0,0,2,1
VEN,1952,0,0,1,37,8
VEN,1956,0,0,0,16,5
VEN,1960,0,0,1,26,9
VEN,1964,0,0,0,16,5
VEN,1968,1,0,0,17,5
VEN,1972,0,0,0,27,4
VEN,1976,0,1,0,35,6
VEN,1980,0,1,0,20,7
VEN,1984,0,0,3,29,10
VEN,1988,0,0,0,15,7
VEN,1992,0,0,0,16,8
VEN,1996,0,0,0,36,12
VEN,2000,0,0,0,49,17
VEN,2004,0,0,2,51,15
VEN,2008,0,0,1,83,21
VEN,2012,1,0,0,70,15
VEN,2016,0,1,2,77,20
VEN,2020,1,3,0,35,16
VEN,2024,0,0,0,32,10
VIE,1980,0,0,0,31,4
VIE,1988,0,0,0,12,6
VIE,1992,0,0,0,10,3
VIE,1996,0,0,0,6,4
VIE,2000,0,1,0,7,4
VIE,2004,0,0,0,10,8
VIE,2008,0,1,0,18,8
VIE,2012,0,0,0,23,11
VIE,2016,1,1,0,24,10
VIE,2020,0,0,0,21,11
VIE,2024,0,0,0,19,11
VIN,1988,0,0,0,6,1
VIN,1992,0,0,0,5,1
VIN,1996,0,0,0,6,1
VIN,2000,0,0,0,4,2
VIN,2004,0,0,0,3,2
VIN,2008,0,0,0,2,1
VIN,2012,0,0,0,3,2
VIN,2016,0,0,0,4,2
VIN,2020,0,0,0,3,2
VIN,2024,0,0,0,4,2
VNM,1952,0,0,0,7,5
VNM,1956,0,0,0,4,1
VNM,1960,0,0,0,5,2
VNM,1964,0,0,0,14,5
VNM,1968,0,0,0,7,5
VNM,1972,0,0,0,1,1
WIF,1960,0,0,5,13,5
YAR,1984,0,0,0,3,1
YAR,1988,0,0,0,8,3
YEM,1992,0,0,0,8,2
YEM,1996,0,0,0,4,2
YEM,2000,0,0,0,2,1
YEM,2004,0,0,0,3,3
YEM,2008,0,0,0,8,4
YEM,2012,0,0,0,4,3
YEM,2016,0,0,0,3,3
YEM,2020,0,0,0,6,4
YEM,2024,0,0,0,4,4
YMD,1988,0,0,0,5,2
YUG,1920,0,0,0,1,1
YUG,1924,2,0,0,27,9
YUG,1928,1,1,10,21,6
YUG,1932,0,0,0,1,1
YUG,1936,0,1,0,59,13
YUG,1948,0,16,0,35,8
YUG,1952,4,20,0,48,11
YUG,1956,0,23,0,16,8
YUG,1960,16,1,0,64,14
YUG,1964,2,11,2,32,9
YUG,1968,13,14,2,54,11
YUG,1972,15,1,2,73,15
YUG,1976,2,14,3,52,14
YUG,1980,13,27,17,69,17
YUG,1984,47,5,35,53,16
YUG,1988,15,27,21,72,18
ZAM,1964,0,0,0,13,5
ZAM,1968,0,0,0,5,2
ZAM,1972,0,0,0,12,2
ZAM,1980,0,0,0,25,4
ZAM,1984,0,0,1,18,3
ZAM,1988,0,0,0,11,3
ZAM,1992,0,0,0,11,3
ZAM,1996,0,1,0,8,2
ZAM,2000,0,0,0,8,3
ZAM,2004,0,0,0,6,3
ZAM,2008,0,0,0,8,4
ZAM,2012,0,0,0,7,4
ZAM,2016,0,0,0,7,4
ZAM,2020,0,0,0,10,5
ZAM,2024,0,0,1,8,5
ZIM,1928,0,0,0,2,1
ZIM,1960,0,0,0,6,1
ZIM,1964,0,0,0,15,7
ZIM,1980,15,0,0,30,10
ZIM,1984,0,0,0,18,5
ZIM,1988,0,0,0,38,10
ZIM,1992,0,0,0,22,6
ZIM,1996,0,0,0,15,6
ZIM,2000,0,0,0,19,5
ZIM,2004,1,1,1,11,4
ZIM,2008,1,3,0,15,6
ZIM,2012,0,0,0,8,4
ZIM,2016,0,0,0,13,7
ZIM,2020,0,0,0,5,4
ZIM,2024,0,0,0,6,3
